Time,Production,Avg_production,Revenue,Bad_Debt,Avg_r_bank_d,Avg_r_bank_u,Avg_r_trade_u,Avg_B_d,Avg_B_u,Count_Def_D,Count_Def_U,Count_Def_Z,Avg_Leverage_D,Avg_Leverage_U,Q_mismatch_d
1,599.9999999999999,1.2,600.042426083137,38.879999999999974,0.06888388117691249,0.1399402928324568,0.19605568569589615,0.0,0.46079999999999993,54,0,0,0.0,0.46079999999999993,-5.684341886080802e-14
2,546.2061640286258,1.0834869912733653,529.6863896883506,41.19315997667735,0.07414404008049816,0.1078759897285128,0.19557072309571583,0.00023421764863230436,0.6756959537942269,81,0,0,0.01748721528594036,0.5602537217679158,0.0
3,506.73609659488045,0.7440920661156559,490.4172938129549,37.92663817808689,0.07506453059644869,0.10276240672835751,0.19493927554136037,0.00029458928220202135,0.5837243794394483,96,0,0,0.01985322407347256,0.42599602882275783,0.0
4,477.8368998436084,0.6346852834751365,466.36337960906803,27.58396763146254,0.07654673918401186,0.09797996933557428,0.19461214414204478,0.0003139065775002348,0.5758665036546841,86,0,0,0.032689853870475336,0.39149480629568995,2.842170943040401e-14
5,456.0857809897816,0.586603538580678,452.568613310983,32.73069179227016,0.07779281511488902,0.09608819846739096,0.1945340948280367,0.0003478571965436983,0.5472668264348913,98,0,0,0.03492342218917594,0.35196746002547086,2.842170943040401e-14
6,451.17230584552544,0.5699300549512611,469.6745642718124,22.026320866747746,0.07825330754462222,0.09426691885964812,0.19397947308626307,0.00044185268765143944,0.5277683351211371,84,0,0,0.02795909865813708,0.32505963684531475,0.0
7,457.8241079611603,0.5760651200821693,453.12673823119337,28.371805675760143,0.08015404586938409,0.09176670778364078,0.19381704509776118,0.0004921397609461314,0.5664875925032501,84,0,0,0.03859351762212138,0.3277186184371439,0.0
8,442.11778411417464,0.5452900613165983,417.39024759152665,30.6342426955117,0.0827680963875003,0.0917093144870328,0.1937132125887173,0.0006182325722674507,0.5353271072673285,100,0,0,0.039409456919889646,0.2993055456092599,0.0
9,427.353798483531,0.5522823261236292,457.56305571043094,30.247391196757736,0.08099632873277872,0.0908081455346549,0.19372154076806344,0.0005132814966038133,0.514188659294348,98,0,0,0.05007537677395596,0.28793750566517523,2.842170943040401e-14
10,455.75445918774255,0.5661710659121828,436.9720196697747,27.919942187896147,0.08036550986805861,0.08988093304236111,0.19382901681762266,0.0005532269963239224,0.5743500034144444,101,0,0,0.032297329675933496,0.3020571668444155,2.842170943040401e-14
11,440.0594039367735,0.5345889365431081,440.68145982227605,28.347224437863268,0.08059420291533133,0.09089441807920517,0.19376252362870816,0.0005554594490736611,0.5278007064899917,107,0,0,0.03460985980814766,0.2836945758390468,2.842170943040401e-14
12,454.7624654805586,0.5676359037481054,480.8265752948511,22.67647496810157,0.07822155497238409,0.09080062003009141,0.19360014794189884,0.00043145043265018635,0.5708275476280155,83,0,0,0.027834050540194753,0.312344134401187,0.0
13,473.8980918375115,0.59065905337056,471.96307947438993,30.50814849175555,0.07866107126628433,0.08877801456449887,0.1938586967624463,0.00045938989737224584,0.6189032241271973,101,0,0,0.02221412489538549,0.33253007603240187,0.0
14,469.88509887100145,0.5682398751901931,502.69854134126786,31.735869791716077,0.07900771764278446,0.09154256328541027,0.19375017115269855,0.0004928950140477083,0.5671033945872564,110,0,0,0.028561484385632052,0.30398030744390786,0.0
15,494.15778865529944,0.6028279281708715,529.9505088492272,41.20610136548633,0.07789720310117812,0.09365964367035261,0.19367937565640822,0.0004325248519015663,0.6126821860719708,80,1,0,0.028015299138971456,0.3410782368496605,0.0
16,506.1085955313973,0.5835336334871809,499.02458065573535,27.20122989915355,0.0799367326700507,0.0930047644692909,0.19376376909832316,0.0005044554905998022,0.6491798890475914,104,0,0,0.03107387496554368,0.3588626774996393,0.0
17,507.24124515490877,0.6127904827443224,539.6177992097877,31.661164072685878,0.07873547882429446,0.09281868683700424,0.19389693690623755,0.0004917403433746978,0.6626599257295208,92,0,0,0.023646445293802085,0.35749438998528765,-2.842170943040401e-14
18,520.3572257292981,0.5980004685780274,513.0806638655514,34.89671240035208,0.08114656570992645,0.09047187330742598,0.19462493194685765,0.0005868998356393071,0.6497256745013139,113,0,0,0.03468093616281161,0.34348304290515885,0.0
19,522.4627859742064,0.5729117035145161,525.3365510514234,28.71248995848543,0.07762131418137375,0.09262364459520754,0.19469582955394554,0.00043553662079896766,0.6518028500878852,98,0,0,0.019852695134443456,0.3495151899009321,0.0
20,527.2030442119753,0.5881609080339938,587.411608112722,32.11507455984983,0.07721925724228652,0.0924065534398498,0.19478877203054695,0.00040226723034498277,0.6835714360235247,98,0,0,0.022376660735055714,0.3619492148248999,0.0
21,564.900583560249,0.6095393517292467,536.863078096219,36.01440835414848,0.0768103846371981,0.09306971706898018,0.1953470431460648,0.0003611876647194224,0.7611202785481986,116,0,0,0.017238871697235425,0.41483882002342276,0.0
22,545.8681691588433,0.5961596158287927,530.7352060074644,31.360463313674774,0.0775144204112105,0.09573144006184577,0.195304483479986,0.00039003114810005814,0.6816388496427169,98,0,0,0.023643639653299423,0.3919000365905094,0.0
23,528.0426722004923,0.58792370140107,557.6710691139376,25.308535855481352,0.07894854856844165,0.09427703109601206,0.19532541763428984,0.00048089037616123816,0.6723687513231948,90,0,0,0.02465076445344984,0.3736672664483596,-5.684341886080802e-14
24,538.1859550263118,0.5659537460302084,507.2352168644695,19.397405702380702,0.08062280445832444,0.09274772461313151,0.19531324445106696,0.0005386366720824484,0.7029095088351316,78,0,0,0.031293480315427426,0.4056355026994796,0.0
25,504.47100423201823,0.5736895901010772,478.9822838115129,31.889584171287314,0.08211389961573501,0.0916293347574026,0.1956418511471534,0.0006375851576258192,0.6399402490190513,99,0,0,0.03686064045371835,0.3368650451146982,0.0
26,496.7896100505924,0.5629033755861749,442.5081757978679,31.602776077799117,0.08156274076220268,0.09133894604709715,0.19556395252587896,0.0005658829521322892,0.6139328301379429,110,0,0,0.04662270404697184,0.316582159953948,0.0
27,463.69075833699003,0.5731082504061717,455.327059010834,25.063318937555188,0.08267235347499798,0.09005386588090623,0.19563646187317107,0.0006259874955906947,0.5832271140255414,94,0,0,0.04758195098248701,0.29898222649605294,0.0
28,461.30932512178504,0.5631264219499414,461.2664964237904,31.34097191024037,0.07850774138032462,0.08815136485058123,0.1956063949653724,0.0003689730427907788,0.5718395869492388,102,0,0,0.03557024184887963,0.27988024048082527,-2.842170943040401e-14
29,464.813334887035,0.5897488970380513,476.9772194774429,29.027994535579765,0.07855013578787916,0.08892608314575276,0.19567551185726223,0.0004063739682507149,0.5823248601971034,95,0,0,0.02878763923045801,0.29380044470856564,0.0
30,472.67769725708604,0.5634686065964184,471.1132355171056,20.901968260931607,0.08118272209106425,0.09221296538690173,0.19548727975128224,0.0006014987436896469,0.580128745822869,81,0,0,0.03791567266456089,0.2987699944688283,2.842170943040401e-14
31,469.82221325842966,0.5605856292037295,481.4532447204025,22.83141338885345,0.07966736898729547,0.09038133338243559,0.19546284241556475,0.0004711469024726105,0.5965112302943112,93,0,0,0.035349464884134804,0.2978941777582209,0.0
32,476.81102165744926,0.5818241561459689,484.20437493542664,33.018411843048455,0.08124972677217843,0.08962862130171965,0.19563225989715777,0.0005550617889799141,0.6027970951570691,106,0,0,0.038933204601162896,0.2991224556332629,-2.842170943040401e-14
33,473.7480731207711,0.5513149744761214,512.2206844766498,27.684772790386745,0.07970859412017538,0.08919425546700242,0.19575718553429197,0.0005202368891186709,0.6039821237092632,107,0,0,0.028631206962327967,0.31232876205508975,0.0
34,510.13464537701236,0.5643354039003057,502.00535256528724,29.832428450102523,0.07843260612156644,0.09227339155701611,0.1958603993969819,0.00045358989524534434,0.6530591135293279,102,0,0,0.023783018549465795,0.34509183980787816,-2.842170943040401e-14
35,506.129967083097,0.5890544658907073,479.42183413920105,33.169339105198766,0.07879229434933929,0.09408059202124491,0.19592308414340556,0.0004307272618403588,0.6296265376826159,90,0,0,0.026813333292600355,0.3413705715132848,-2.842170943040401e-14
36,475.6555185098048,0.555822591149282,509.25057440480276,33.072122052245554,0.08068941681209577,0.08937953195239356,0.19581483536271208,0.0005584118908634574,0.564990363954515,107,0,0,0.02806842708659486,0.29340416639082856,5.684341886080802e-14
37,493.1091572983571,0.5576847449847173,502.68769864053627,34.92245651649126,0.08074452268785356,0.09139974558789174,0.1960659279468063,0.0005506754933401277,0.6131986015019792,112,0,0,0.03299106094511761,0.3350909965803667,0.0
38,497.3461249699678,0.5379563594007848,535.8427160916575,25.1477936708357,0.08218919465989406,0.08953292365232392,0.19703246145888298,0.0006411944612254172,0.6264607767184732,91,0,0,0.03891070243656711,0.3291553730874,-2.842170943040401e-14
39,516.949471192207,0.5422744909043211,515.081919365462,28.753705333880085,0.08249964782166506,0.0899447672433786,0.19712830813337137,0.0006089675394929985,0.6663640042777843,103,0,0,0.04281991964370158,0.3476324293107336,0.0
40,519.53557139563,0.5450377426000981,529.5036720804908,50.22387702220216,0.08240137986806724,0.08980967120545709,0.1973599912293562,0.0005832760171918526,0.6895855475872045,86,1,0,0.05112200130004843,0.3539973913626811,5.684341886080802e-14
41,517.5854922515275,0.5700313720447194,514.9677109194121,58.77257211843953,0.0827705995698561,0.09074114916810393,0.1975785799627512,0.0006343941687059529,0.6883498002198064,97,1,1,0.04408985279266041,0.3702910153271904,1.1368683772161603e-13
42,511.5660179451541,0.5456223401000169,524.3194039528671,45.09759742073348,0.08271076501856596,0.09171615830714683,0.19754288043606666,0.0005981299117439501,0.6583027696022448,95,1,0,0.04849593460009645,0.38319204171094,-2.842170943040401e-14
43,518.8273237407944,0.5578492584850304,491.7809596358509,26.44856254418841,0.08340183288055651,0.09049523009321642,0.1990617156599259,0.0007067019309973221,0.6897893273249442,107,0,0,0.04191624331895875,0.36498922867534417,0.0
44,512.8525741642452,0.5615862915153356,528.1711063288523,24.5534371316798,0.07980173569168193,0.09040244576863404,0.1992127019408759,0.0004905672927395864,0.6852159974386653,86,0,0,0.032483006069535775,0.3671747899952009,0.0
45,519.9387003370498,0.589550572289958,467.52323979682467,27.204900582411632,0.08035208234177457,0.09079704794249208,0.19971068671703351,0.0005673707117343525,0.6804195787420573,90,0,0,0.03795519986784945,0.3494094650556913,-5.684341886080802e-14
46,486.20262490760774,0.575691107213983,482.0380822188291,34.30200138072183,0.08107529215159201,0.09256364944666882,0.19964191317014082,0.0005723235749771555,0.5944975844767701,109,0,0,0.03344630199286104,0.32242079089844355,0.0
47,484.59848669849947,0.5817343739775849,496.560969371275,30.837525174664584,0.07875501194297752,0.09174673330835631,0.1993569491442211,0.0005165862273231809,0.5642243456521351,92,0,0,0.02531648968975469,0.2958197128747894,-2.842170943040401e-14
48,484.65212904404257,0.5563368773533587,512.0556075217326,31.996260249996183,0.08163409964088635,0.08894318385364829,0.19953195763781112,0.0006070017834653882,0.6129210610910762,93,0,0,0.03473812917122622,0.30098141840020076,0.0
49,495.3592203069342,0.5600618916538018,454.3909506274265,33.807407695691616,0.07887747401559424,0.09072341788728579,0.19952075721329068,0.0004475044769385867,0.6133305057085018,104,0,0,0.032936423256693444,0.32195501027561396,0.0
50,471.66963562504327,0.551488755333663,450.35668014594773,53.21358904533543,0.08020016847362635,0.0897033543631739,0.1995912208035836,0.0005089919518299668,0.5597244360742354,109,1,0,0.0340637323426635,0.29172517132890996,-2.842170943040401e-14
51,465.4931415429544,0.5413451438731047,456.25448413707716,28.960143589144035,0.0819442668362064,0.08796519756837803,0.19976994690824426,0.0006098774519277206,0.5862082636495991,95,0,0,0.044948462188282814,0.29215272704236106,-2.842170943040401e-14
52,454.0578817940854,0.5519610699850186,391.5702928387409,27.739466329072794,0.08166163229208465,0.08841413423124946,0.19984269044116207,0.0006526180982064038,0.5591329757477167,95,0,0,0.030359587595612587,0.26586971391068004,-2.842170943040401e-14
53,419.78069827828244,0.5818064997306435,432.36304542833216,29.369998187492147,0.08045779437177147,0.0865446026699861,0.19985712719435342,0.0005037714991232303,0.5073894139088035,110,0,0,0.03568032378948344,0.23799454124552083,0.0
54,442.52528596073546,0.5878931663584892,448.8228135676045,36.08976648753255,0.07788938343133198,0.08932868785869123,0.20012233613160413,0.00041368029774873293,0.5482319281125718,100,0,0,0.03131369238393384,0.2713725374985704,0.0
55,448.1959839783791,0.5676281007580781,468.6116764800989,31.174766824140377,0.08033392603335116,0.08734718783728229,0.2001109040183281,0.0005252420298129896,0.5319345732557194,103,0,0,0.03556361331999441,0.25597718167367567,-2.842170943040401e-14
56,464.6552874813789,0.5654016780423556,453.711748446838,34.82537237490166,0.08151195377116958,0.08866534483179492,0.20027259722433186,0.0006321488095457828,0.5800831163607778,100,0,0,0.03017165487375707,0.2961928041103731,0.0
57,454.9857837005326,0.5519297634354087,482.45275187154436,31.83466619739515,0.08228745099254091,0.08922543882063798,0.200355170205629,0.000643020825525552,0.5620331697902609,98,0,0,0.03828834307516103,0.27605702493810613,0.0
58,476.6510377054918,0.5493643877437574,500.280529907571,24.27093825382169,0.08336945031571637,0.0888808893692044,0.2006384165855011,0.0006722726522320826,0.6023970803708403,106,0,0,0.03956875663997505,0.3072123700424462,-2.842170943040401e-14
59,497.82012718519246,0.5689538663909368,500.91043052156726,26.53183404096883,0.07935765244780232,0.09005192367639045,0.20065718801579854,0.0004883469097114759,0.6298651312355714,97,0,0,0.024478520893379683,0.33790617220374297,2.842170943040401e-14
60,490.11569483756017,0.5114608832086582,472.09336476302246,30.544511507306936,0.0826000808265761,0.09143170243070894,0.20091854164450518,0.0006351887640015404,0.6326921937833485,111,0,0,0.035108045670402446,0.34533429383113046,2.842170943040401e-14
61,489.8510069594104,0.5666187090350152,472.8729573766691,33.711526850269955,0.08232047734793001,0.09173643906769116,0.20104563601673686,0.0005962867367422259,0.6213503717622512,112,0,0,0.04571693861176681,0.3341003074204202,2.842170943040401e-14
62,485.4005979938702,0.552592097101326,476.3421750272953,27.43168473780072,0.08117233156380552,0.09233572772418162,0.2009753303955283,0.000566662339160471,0.6041474263441143,92,0,0,0.0318016325565139,0.3382988086792988,0.0
63,480.79880055952367,0.5672001325983891,490.62219106895634,35.96607642494557,0.08303693793857991,0.08931891183747438,0.20143692881218148,0.000612894727525752,0.6277566464797856,116,0,0,0.04697178325188668,0.3274114966222685,-2.842170943040401e-14
64,489.3443142712566,0.5481544081516354,520.9185649438007,27.80043815260885,0.08003108681557382,0.09117115910244991,0.20109022688003036,0.0004829236669153754,0.6310331007697523,98,0,0,0.03753536557731246,0.39856802318431866,-2.842170943040401e-14
65,510.7253861367547,0.5973913477198852,505.75400244913277,53.63465696786402,0.0801800068476731,0.09053781680427478,0.20144302928039098,0.00047636727636055944,0.6787779729888939,101,1,0,0.037579553824664706,0.3828928181854501,-2.842170943040401e-14
66,502.75996885161857,0.5636409622511778,516.5544694238624,31.449017811836132,0.08104914756482134,0.09225864176526792,0.20137150509347138,0.000539684695235886,0.6204054381082773,108,0,0,0.04312266923728906,0.382122402292218,-2.842170943040401e-14
67,512.0336521805233,0.5594957096254198,519.1084641503052,28.880325818727275,0.07995732162304885,0.0912587564586764,0.20132937225805825,0.0004941103270052868,0.6442215379214591,88,0,0,0.032804195391505364,0.36484500290242106,5.684341886080802e-14
68,510.0023611545877,0.5543317196854345,482.26321156222696,28.160031085245016,0.08093055525475569,0.09174813840260355,0.2016759721946799,0.0005409597867111186,0.6552948513608768,104,0,0,0.033157460887480096,0.35790239129502377,0.0
69,500.80938768082547,0.5708034744164876,506.0768704149931,34.95354110219992,0.07944175642123069,0.09181206006662274,0.20188693866864976,0.0003825846810112035,0.6385697243220049,113,0,0,0.05084089645647185,0.3563982804061994,0.0
70,511.64823337786686,0.5890707938921058,511.99296451687337,33.63263854123578,0.07958395838190782,0.091153942892913,0.20221247078018262,0.00045218386158009713,0.6705761289058392,108,0,0,0.040659813732261754,0.3843310248723784,0.0
71,509.8574653381578,0.5636727863686033,490.3061262362386,30.75079773049695,0.08050326571317971,0.09323379510420896,0.2024184441810301,0.0005267192565100402,0.6750899035853162,100,0,0,0.038768956795306904,0.40757231337566807,-2.842170943040401e-14
72,494.13676997365604,0.5799298331458517,534.6023972072508,26.87333376262778,0.08116353811913075,0.09221900188079758,0.20271493410923022,0.0005164966313737467,0.6317607196030876,102,0,0,0.049010335646271753,0.36703229955188066,-2.842170943040401e-14
73,523.0521798950026,0.5896676231511284,508.9162436358894,27.982912949246167,0.08019365254796759,0.09327840284970762,0.20271652491742434,0.0004865901925159474,0.6960151732522949,87,0,0,0.03687120276790317,0.4000164750431412,5.684341886080802e-14
74,504.5206057906099,0.5508356807413461,546.7153669515444,24.168114537385232,0.0820019722870955,0.09197339047633057,0.20277796751082344,0.0006583872388763317,0.6643695899704866,92,0,0,0.035389068862373335,0.4074128338902782,0.0
75,520.8325817178348,0.556100286102825,528.9383022932982,27.780151489109144,0.08300834787087769,0.09552954435986108,0.20291682494794916,0.0006556366528228791,0.682545980494471,99,0,0,0.05260767645536375,0.43588948725355886,0.0
76,519.278766537547,0.5800984632910755,499.8930344810615,24.50540112446424,0.07980984628559028,0.09345234412881558,0.20348468178131016,0.0005064699673490207,0.6978627907775545,85,0,0,0.03534940034658535,0.4313233296904728,0.0
77,504.43232250038204,0.55558406988666,539.8770513665138,27.153218242410578,0.0827793289917413,0.09367372079675827,0.20409906548902995,0.0006339769880054591,0.6796046419268282,101,0,0,0.03951455784688644,0.39779787818899587,-2.842170943040401e-14
78,518.8885595292763,0.5820264618340003,523.9403070970304,62.86759924460006,0.08035861673062045,0.09078339257479665,0.20463998484893003,0.0004951034562232936,0.7131626994241961,101,1,1,0.04529620729479854,0.4164475098834728,0.0
79,522.568459746178,0.5637779707221777,506.2738314303947,56.63851306010727,0.08000706220679002,0.09213369518599415,0.20523885512661236,0.0004887050010230666,0.6939438934135337,106,1,0,0.03826806082605145,0.41813171196854476,0.0
80,519.841349923682,0.5791336927038389,512.9820532821641,53.70205810770684,0.07997118536131519,0.09357911774552544,0.20545578010283325,0.000527404077883133,0.6860791613486056,105,1,0,0.038926464823347884,0.42184498568610534,0.0
81,508.8112822963259,0.5698973391429815,481.3800704833582,71.91132312488702,0.07946872453424374,0.09133675353792574,0.20570490715421652,0.0005095137071493942,0.6630096239566636,95,2,1,0.030936734912959233,0.4199699465822737,0.0
82,496.55665143359386,0.5956504797383857,525.888983465474,45.42651791723763,0.07945461191902685,0.09428715845437213,0.20597037524047215,0.0004993117026508481,0.6550195289882508,86,1,0,0.02645778947672,0.42066005760506575,0.0
83,513.356925380586,0.5682340786850539,504.73198928949813,28.91077714104646,0.08115962600338185,0.09378013842319824,0.20621088789000522,0.0005477429934838231,0.6621285039614127,92,0,0,0.03688358387078965,0.4170908542411922,0.0
84,506.7252562644598,0.5545815131493801,458.3835117496494,26.36841251045578,0.08006040225835762,0.09540915184090665,0.20625690840129726,0.0005100701492588019,0.6539287766179058,88,0,0,0.03393458102313036,0.40471590186830164,2.842170943040401e-14
85,472.827129186374,0.547654860999722,494.18410570453074,30.847603680580512,0.08114977400313803,0.09314615147399317,0.2066421278706694,0.0005390988626060868,0.5923202479768835,103,0,0,0.04431266859096502,0.3501224474313509,0.0
86,486.0633105694998,0.5634607440500503,484.5751880692416,31.44758376021528,0.08130092443805956,0.09415192315456454,0.20629873630372605,0.0005703329376290401,0.5944709392890046,113,1,0,0.04175547547971183,0.3540676796014547,0.0
87,492.84019089274875,0.5633916279096107,479.9113086994382,27.85185726594091,0.0792410319522219,0.09303621090230926,0.20634881601861751,0.00045416741128486825,0.6356260304618291,92,0,0,0.03260460013185517,0.370125758521423,-2.842170943040401e-14
88,480.2956044024418,0.5571556980406777,453.9624623291293,26.334630534260803,0.08157959138567944,0.0922603432237635,0.20641629739230427,0.0006240494246933812,0.6210124795664097,106,0,0,0.034829895447519646,0.3498280441833562,-2.842170943040401e-14
89,463.5769318375185,0.5533904918056569,451.54918463533687,26.011061704854363,0.08071851662544527,0.09218889065879497,0.20629492515697814,0.0005436641966629251,0.5887136283459209,93,0,0,0.032631219869405925,0.3392575624126733,0.0
90,454.94419801109774,0.5504158189341715,449.6766880650015,33.03226241102257,0.07883815845989245,0.0939085587569874,0.20626288460684725,0.00045814291093327,0.5633042752685635,114,0,0,0.023415855197582332,0.31453900487199987,0.0
91,457.7776434771023,0.5482095137540623,509.8375107838215,27.179477854146896,0.08001366000350464,0.09160770679455922,0.20632509388277873,0.000489477575777479,0.5853396139707463,90,0,0,0.041620312580100835,0.3518953700203977,2.842170943040401e-14
92,487.8772836927221,0.5483420393996107,500.3626545979381,24.258048986071827,0.07922022081983864,0.09405250335188117,0.206248816224628,0.000452076787782233,0.6272411619553291,92,0,0,0.03501433823708879,0.3678712079066456,2.842170943040401e-14
93,501.25490567905297,0.5988018968481734,496.41155535699625,38.46568464419453,0.07809764876486185,0.09146408104183376,0.20628186693574121,0.00046236189711171537,0.6314867824236493,107,0,0,0.02569123825322961,0.34877048181605147,0.0
94,500.08129877985874,0.585477915140571,516.1768129828542,28.98858531678259,0.07982029535887665,0.09342976298397528,0.20636776958248948,0.0004515587678450475,0.6563053162057118,101,0,0,0.03511365740894469,0.3781575961355654,-2.842170943040401e-14
95,504.7219062054436,0.5723172898918957,525.5543993846416,28.24034622962228,0.08020174761820144,0.09452178632565501,0.20636568825410362,0.00047994539824694195,0.6555869847702206,96,0,0,0.040626578425708645,0.43618128380828786,2.842170943040401e-14
96,509.4670645208562,0.5487352544043754,474.0810105301732,27.743368747059808,0.08067467001917214,0.09392380408051534,0.20621913900649463,0.0005285246672292633,0.6477188242224312,97,0,0,0.03996483720255951,0.3728862801960868,-2.842170943040401e-14
97,490.68747972077983,0.5665479604984441,502.0231436905292,28.689900884601176,0.08030053368984792,0.09451937781713786,0.20677643022489428,0.0004928939851775374,0.6291674996453334,91,0,0,0.03701775731702082,0.4974853143077233,2.842170943040401e-14
98,492.1292968825243,0.5593007122306654,494.34182203631394,30.27935472611761,0.08090605447577985,0.09139966675490004,0.20706872973269844,0.0005393850322028617,0.6461215255297298,104,0,0,0.04761895567345485,0.35567536537879757,2.842170943040401e-14
99,487.21958732668503,0.5183211160606778,556.0445479353139,20.44763357105631,0.0822536159299041,0.09103981581923526,0.2072447031164965,0.0005492691713644357,0.6459569532959484,88,0,0,0.047941949615789244,0.3724120069478162,0.0
100,529.4693241569673,0.5659958349435932,581.9451073149584,47.4901542809976,0.08063318637912001,0.09449446221894477,0.20766708104194587,0.000517457316000754,0.7182107834852423,106,1,0,0.03758760851659463,0.4474389050158334,1.1368683772161603e-13
101,554.4513524894419,0.5508265127205982,630.0209141025948,55.97295604026418,0.08170386485714755,0.09473958000027216,0.2080473161437612,0.0005734700749352572,0.7484582685106339,105,1,0,0.03854479405658139,0.4451397377919849,0.0
102,594.9061015935134,0.5922229144457241,668.143185610319,55.73238598530928,0.0810262659381307,0.09680305778095928,0.20833209729665525,0.00047182383154966724,0.8268463857514073,104,1,1,0.056959297253885294,0.5445860423939576,5.684341886080802e-14
103,630.4248881562611,0.5987397253996204,557.4245162921331,79.60714885993778,0.07936504611528468,0.09505048039695171,0.20903128749476502,0.00044726069721423757,0.9203432150619499,76,2,1,0.04205980949306585,0.5407579858086617,0.0
104,579.1949736496922,0.5959438731863043,544.9813358898145,58.07335144910526,0.08033382802147673,0.09418067661990386,0.20969511430783222,0.0004782236613594361,0.7955314387855599,92,1,1,0.03952268303550908,0.46520942253823155,0.0
105,554.1025941956992,0.590088130248663,541.5117004388662,42.81208583624482,0.08104203579529888,0.09499768526370479,0.21005113976240117,0.0004713772927066361,0.7535480260328827,93,1,0,0.04368185239809057,0.497049910868723,5.684341886080802e-14
106,542.4092758063377,0.5489776034985503,541.4782239476456,26.31153704463141,0.07978965625116126,0.09657099215722795,0.2102936565101765,0.00044153029023732325,0.730790327764211,96,0,0,0.03424900230472841,0.4692301496685246,0.0
107,546.0322458503365,0.5776190862319024,514.6024355063125,23.031336464523793,0.07838575902380786,0.09389481192170576,0.21083523428414466,0.00042801778885079344,0.7619096780730052,86,0,0,0.030695418603978675,0.4612106087250222,-5.684341886080802e-14
108,523.9483311000982,0.5803648967939905,564.5321857041363,26.08282992885483,0.081872855935189,0.09511438186280292,0.2108954559397778,0.0006144737084799503,0.7175668148833206,94,0,0,0.0406508757093544,0.4611669310043032,-5.684341886080802e-14
109,542.6585516227901,0.5777698861188169,514.7856362606318,44.73163574444973,0.08313383276644552,0.09643802464405743,0.211270994209081,0.0006035692763798577,0.7546870716382321,94,1,0,0.05564052817660697,0.47432404266615014,0.0
110,518.8392639988547,0.5855805435816432,506.45968688311893,27.19851286900677,0.0817741963830316,0.09564497029850083,0.21139156381246244,0.0005489185953269178,0.6865151689885477,94,0,0,0.04225845347975804,0.44332517986105235,0.0
111,499.82180710184315,0.5435216914960819,513.5211387361529,28.184072705471955,0.08123268565161709,0.0954671696582931,0.21146722115664113,0.0005342764913371196,0.6629947961916207,93,0,0,0.04401663117670907,0.410331730169717,2.842170943040401e-14
112,504.08032969076817,0.5505104029616253,524.1459306161723,26.12929325462312,0.08286331153796082,0.09337415900894101,0.21189062513031712,0.000614799888580411,0.6885524970986608,107,0,0,0.04446234690584692,0.42890748447515975,2.842170943040401e-14
113,520.0015642606078,0.5726406533414155,516.2636957537293,28.816044336310444,0.07909201655072866,0.09673660866440177,0.21243855776290502,0.00045579122004549364,0.7052893036323277,99,0,0,0.034088627054623434,0.47488161719870214,0.0
114,514.838231637297,0.575507589825721,453.9604117097042,34.59416730191074,0.0801535458179643,0.09659532525658375,0.21278938924123275,0.0005008148679761779,0.677712497087617,115,0,0,0.03598837706805397,0.4215824403182955,0.0
115,479.20957934447955,0.568839192539141,454.2357660927197,28.16629618746622,0.08026745837863204,0.09654878853148438,0.21266173185814147,0.0004948283876279611,0.6197452240722418,97,0,0,0.03334016317739062,0.3962975549098769,0.0
116,451.8378783060781,0.5601978531373164,477.0233941678309,19.246079492736087,0.0802123037818987,0.0915646923778878,0.2128103175364433,0.0005382955188452881,0.6012190698591275,81,0,0,0.032629583651560226,0.3733632546902533,0.0
117,464.1433241773763,0.5539439768722606,427.76815223262633,21.156324036796804,0.08181442318886724,0.09203231606714195,0.21279843951435307,0.0006054664670976124,0.599354730759521,90,0,0,0.03881649896434669,0.3777536963657395,0.0
118,443.3499214045205,0.5634676581051923,441.67742824035486,29.03275814201143,0.08209244447844326,0.09359610004046955,0.21284557208350974,0.0006191775876429992,0.5548143324735637,106,0,0,0.03843330646211608,0.35997605027120994,2.842170943040401e-14
119,442.476956417481,0.576979200835374,444.27624013931137,27.330368929353615,0.08175932954688063,0.09294509303673143,0.21255464540461408,0.0005541956377680737,0.5411626196447781,97,0,0,0.04800441383909199,0.3583149093953568,0.0
120,446.58322947543866,0.5743899779504182,469.20553637960745,29.013524735556235,0.08164864184627729,0.09354593732352569,0.21223065319416332,0.0005683305683902964,0.534533460845472,100,0,0,0.04587016249856583,0.3424441472853474,0.0
121,461.2810898669343,0.5675910091203231,483.0599199780645,27.055832813865294,0.08177200080400987,0.08949047323858253,0.21252549986953298,0.0005541274710230069,0.6161249201818284,96,0,0,0.04778157909726343,0.3635057770345801,0.0
122,467.61268737595316,0.5240666165905012,498.0561108487279,30.042749107198738,0.0809852201732539,0.09309216765955661,0.21291681805785034,0.000523534449925962,0.6240991903811648,105,0,0,0.04762938651119472,0.3820030449530284,2.842170943040401e-14
123,488.87058835955264,0.5357106541975576,446.4607376761251,32.92998464733626,0.08164603536523088,0.09179347183419222,0.21361118401123785,0.0006081771960500418,0.6768192175189575,108,0,0,0.03997476792619202,0.42173160764069717,0.0
124,463.2053207077969,0.5539692412976349,446.4089654755994,30.36031228173568,0.08211432464724333,0.09412741124537027,0.21363801326498544,0.000608635052932999,0.59922789239755,113,0,0,0.036186117863159444,0.3871496682616036,-5.684341886080802e-14
125,463.89241643436685,0.5657570537026463,444.4881205476388,31.810508089748733,0.07908552703017983,0.0935477090234306,0.2138448530578605,0.00045814455493529223,0.6099179374299235,105,0,0,0.028957836775328503,0.4026429840540784,-2.842170943040401e-14
126,446.06512394503443,0.5705561005783903,490.4765170302924,28.47326226329188,0.08074450832647176,0.09316910797250767,0.2139581094712289,0.0004893984002912719,0.5890657385013803,102,0,0,0.04147971404582235,0.3803231019676582,0.0
127,471.23482153430666,0.5549386847048117,495.6635291938491,27.82178861523588,0.08077827614314859,0.09344306310924988,0.21471447381334344,0.0005386053778404119,0.6462821828090656,108,0,0,0.03771114775219176,0.4245193409800113,0.0
128,488.2730291067318,0.5486888134236743,500.6596100996756,39.74374091922914,0.08061337742264851,0.09535015699234817,0.2145516201223531,0.0005537043305526816,0.6523799296621446,75,1,0,0.035135253302133664,0.4598062043174568,0.0
129,492.62886137357236,0.5577036241673279,469.1317743152975,52.56604570756387,0.08129882937187892,0.0917820415925423,0.21520948753622485,0.0005528973490013549,0.69309351509912,109,1,0,0.03802280247922286,0.4723259497676555,2.842170943040401e-14
130,485.42660184235183,0.5578887382498596,557.2459252398902,53.028614023403954,0.08165858090954288,0.09262396252918406,0.2160252267233173,0.0005646618337520287,0.6712677797109721,118,1,0,0.047309810192448475,0.4409699876914301,0.0
131,539.1604554079628,0.5699977830119257,537.6347315137114,30.555277441486144,0.08107760215349875,0.09520006711330112,0.2191454745234664,0.0004862303418315888,0.7618692314811802,102,0,0,0.04799992880055377,0.5270505446069592,0.0
132,539.7304283594698,0.5761941630289574,551.911208559604,67.89918246801068,0.07908443319190737,0.09914413846492659,0.2194921567640219,0.00045487033780662237,0.7439806870637221,97,2,0,0.029253138754992893,0.5628100643099483,5.684341886080802e-14
133,540.3657078304143,0.5804413663498715,542.4606723306283,53.00598653353286,0.07854034290674261,0.10094878516214241,0.21989268674729837,0.0004511601018517955,0.7412982086988675,105,1,0,0.02338308633912672,0.5640640416666202,0.0
134,534.6324744452577,0.5447091190859148,512.8409654490298,48.11772614229201,0.0805232883386504,0.09863125248473935,0.22028521095490247,0.0005223583875642954,0.7644028245058632,100,1,0,0.02963822475551835,0.5794577974429941,0.0
135,520.0998932913672,0.5830501555945451,505.70633576508817,43.87059816179776,0.08101627794853249,0.09861786806278976,0.2209317927301899,0.0005550848683231593,0.7441358932736923,94,1,0,0.03493452106062807,0.5935741141151933,0.0
136,508.5981971394448,0.5638613938380097,548.0938060624137,28.836231660695216,0.08112714628855844,0.09861572396076991,0.22150704980679675,0.0005188119783169472,0.7224264208406007,95,0,0,0.045852731086943696,0.5441228730740065,0.0
137,530.5750007281977,0.5863086750694753,560.1799771565451,26.22066895971541,0.0809688901790366,0.1001284789097003,0.22216646977712076,0.0005201048628417928,0.7617014553786284,93,0,0,0.03976813342390566,0.6041247849990569,0.0
138,545.4860916925984,0.5861068736564259,515.8308271415585,32.40024797232263,0.0781965786068529,0.09994121896423608,0.22335468561607655,0.0003624452221672939,0.8046272040199376,101,0,0,0.03681869361968945,0.6988427772976401,0.0
139,525.672938659284,0.5989396726037195,547.4005188452572,48.29417644206566,0.07930825750176083,0.09893994072918824,0.22411674483761862,0.0004592976425220692,0.766567413481758,93,1,0,0.03310150667147665,0.6093575318977332,0.0
140,528.3650416421448,0.5863612969200337,510.3963890756039,29.26908517965979,0.0813624221559117,0.10337143513913642,0.22444922834802872,0.0005390375635157668,0.7459728402444701,102,0,0,0.042617709797571214,0.6458373687100243,0.0
141,508.2227358525288,0.5660328962358783,535.3433158357275,45.27436193858064,0.08145485073814879,0.09990238074525572,0.22488730406767432,0.0005411038660449968,0.7344614098343939,83,1,0,0.045899067119127085,0.6559381511363783,0.0
142,514.7065824030708,0.5192290650784159,509.54034253396935,55.97756104774588,0.0832011803919055,0.10015193841441764,0.22622594314967562,0.0005561510427636756,0.7554989057718535,110,1,0,0.060562056163426845,0.6375654323568415,0.0
143,514.4723322815754,0.5483697916608768,478.72699622128215,23.758689371693386,0.08248022786289941,0.10307860886274395,0.22645113463032016,0.0006003682333827758,0.7327259769477209,89,0,0,0.04728234684747845,0.6774367912407017,-5.684341886080802e-14
144,483.45518883068326,0.5773605366753358,462.9605026483482,32.22733421694437,0.08359536067507915,0.10083939725601311,0.22676809478420834,0.0006857422093429931,0.6748669427630513,109,0,0,0.04983121357465242,0.5824786769241034,-2.842170943040401e-14
145,479.7783875854591,0.5844339510758878,514.1287569445362,30.090996513296492,0.0803693428895435,0.10195892709938062,0.22784075182388552,0.0004989679548331875,0.6798099803427203,94,0,0,0.03912382936751362,0.5898569590241229,0.0
146,493.1281990243248,0.5660557278725344,484.3433476820349,30.62442693353224,0.0837137263634099,0.10451939902554974,0.22787675105322086,0.0006467923425620026,0.6756079562573262,114,0,0,0.05218486268483967,0.6121457715497234,-5.684341886080802e-14
147,487.25064269089455,0.5650686508266711,485.19599943644073,21.444698424013836,0.08111283583286831,0.098765611511683,0.2289193243844473,0.0005227933833895553,0.705392917463519,85,0,0,0.052167738949615156,0.6030689977586914,-2.842170943040401e-14
148,485.9230152626692,0.5865263416743882,494.508791882874,31.52906849229872,0.07945747926910866,0.10184009671046695,0.22908508318383786,0.0004572991047715845,0.6954631194738463,104,0,0,0.036575406863600037,0.6141304393442906,0.0
149,494.6817513623683,0.5989015290419246,448.06146412212195,42.84872713535612,0.07758175332552794,0.10122324040514756,0.22984229982134316,0.0003745905259164562,0.7176056083890727,102,1,0,0.02998291634546873,0.6482500646007747,2.842170943040401e-14
150,454.6892255277401,0.5661165488226798,439.49010042402074,31.690019123066254,0.07862983963232191,0.10235539889492327,0.23029461099670845,0.0004786075565046836,0.6346402932979611,95,0,0,0.023726475378129955,0.5904210312073478,2.842170943040401e-14
151,436.1214041899526,0.5576278089889712,432.0181221055084,30.913409229398273,0.0808616516881027,0.1021889603237816,0.2306984684119406,0.0005593613774469326,0.5995279449722234,95,0,0,0.03233107705307763,0.5437787192927699,0.0
152,427.1953378430021,0.5344052596070734,399.9549090677681,44.58217148978831,0.07975163077210755,0.09734745934906568,0.23163585978787907,0.0004936614452780354,0.6093065725748807,114,1,0,0.0309645152727432,0.560314138491935,2.842170943040401e-14
153,407.67871245932986,0.5206749640098385,417.0982608306107,32.36845716869751,0.08156924684897655,0.09881758492268412,0.23253657136993494,0.0005903604081612811,0.5651090991633142,111,0,0,0.03284081157645015,0.5369989947363715,0.0
154,420.0799041204768,0.5161544814186836,429.88800735879886,30.511651295226297,0.07914156437516101,0.0976889176064574,0.2336158438125809,0.0004882131977081751,0.5943504862694303,107,0,0,0.02359966980232808,0.569401123064871,0.0
155,428.9808348321619,0.5545764919909755,431.33511090701904,42.6310749158969,0.0805752735462672,0.10003106246465743,0.23416700624467615,0.0005496751480597135,0.6069980384205805,106,1,0,0.02795987531293071,0.6083791248510245,0.0
156,432.6308209912325,0.5548677692914847,424.10325585549384,32.41492113502025,0.08160099905637348,0.10085244847581439,0.23558751319480553,0.0006089306254695421,0.6244226578667611,106,0,0,0.03368955453514193,0.6225630573962286,0.0
157,435.00973956505067,0.5468972771603859,433.2900947970133,44.22104538358773,0.08146192185676009,0.10022776135656863,0.2365667651810087,0.00056024012518277,0.6300068556231356,108,1,0,0.03653588142484186,0.6167092627936087,-2.842170943040401e-14
158,435.16335438795875,0.5487988930060779,456.96993063575866,28.262249196778882,0.08099647171853451,0.10230665025370059,0.23741288561304583,0.0005865652029404746,0.6277773976347591,100,0,0,0.03654971215882489,0.6798132578638695,0.0
159,455.16349220646805,0.6077672936935146,451.82026003352803,55.764005315911476,0.08164182985710763,0.104286530118949,0.23772175606783047,0.000565983397214278,0.6637208766699971,84,2,0,0.04055239840189107,0.713194373834594,0.0
160,443.32757393491994,0.5685736532167646,452.8539571859843,44.068021119427996,0.08229585281852964,0.10586994156838153,0.23799920418046788,0.0006358323146047588,0.635887750284735,106,1,0,0.04398404161395816,0.6890780371129793,0.0
161,456.7098106619377,0.5890980080205954,455.0560035600745,58.83184082988019,0.07943639353570886,0.10341366146865226,0.23903284904962396,0.00045849279574720317,0.6848063100097498,93,2,0,0.032378136542429645,0.7387486712937806,0.0
162,449.19369577183267,0.5642274796664468,492.8725448366935,35.95876574672131,0.08219882641633365,0.10464186417314378,0.24017858204712467,0.0005844384615840004,0.6531931441087301,119,0,0,0.04184837592602308,0.7297121818673916,0.0
163,480.1119827953903,0.5787519463821589,435.6041761563356,31.09655948633083,0.08222045331323782,0.10712447647317484,0.24168455133181815,0.0006555533035310986,0.7303920283916231,100,0,0,0.03370180386500717,0.9123773204982315,0.0
164,447.79433682114825,0.5730292316816039,448.554666934925,32.70715273171868,0.08312969980174699,0.10886582441239713,0.24347843327415006,0.0005915527744618298,0.6730414665155706,98,0,0,0.05315593560294677,0.829028413619599,0.0
165,444.23926816543064,0.5501837205805754,457.7127370090311,53.711553398433736,0.08107346587046654,0.10786072192126551,0.24473883358302503,0.0005609997007972954,0.6710183059297447,109,2,0,0.03404190930065868,0.870223095890713,0.0
166,456.91015558074304,0.5430130291322772,454.16311868933997,36.983340316106805,0.07963870436264546,0.10659758570311166,0.24792752642304836,0.0004954083128143594,0.7077355581305403,116,1,0,0.031200863166971415,0.8880060469565517,-2.842170943040401e-14
167,453.6129023120845,0.5349870870379847,489.08994070778255,73.44135984685252,0.08196512968316455,0.106217682057036,0.24886597396864926,0.0005777990808585367,0.6973706874525849,102,4,0,0.04842626480218731,0.9624967088633002,0.0
168,477.2417960725195,0.5780433229562778,503.25270032916984,44.54987814619413,0.08299166578834946,0.10782065599028737,0.25147954439760567,0.0006114118317549411,0.7503689267340884,101,1,0,0.05074812356282392,1.0425913165974976,0.0
169,483.93905950963256,0.5548565029051846,446.19318663630224,72.3608718900127,0.08098166946931086,0.11077954552216829,0.25318360044578125,0.000492041095064793,0.7705581444412529,112,3,1,0.04415394856181455,1.1735886852303363,0.0
170,453.9875953250049,0.539411416976632,442.57632659199226,67.8693324221781,0.08088181082703767,0.11222460626638453,0.2549989111035057,0.0004974203595319177,0.7088222498711726,103,3,1,0.04277381568154394,1.122751554023422,-2.842170943040401e-14
171,441.5440812338122,0.5423693795848676,493.55676159295774,75.20593919060713,0.0822590114279685,0.10985160982610967,0.25595448194180515,0.0005967859482189529,0.6972081194889691,101,4,0,0.044059505669594455,1.1060705102889206,2.842170943040401e-14
172,466.22672537018184,0.5544141567888261,422.2242768540284,44.12513299125497,0.08110397512700222,0.11439445722323396,0.2556783231633865,0.0005003634494551853,0.7411120376803557,86,1,1,0.04141114507920575,1.4476434167025833,-5.684341886080802e-14
173,433.70353176764877,0.5685202246522181,461.3248266307516,78.69167929112476,0.08152753721192099,0.10861159520589043,0.25765982299676926,0.0005981778578465889,0.6921382657929442,112,5,1,0.04091437190879987,1.0430744699351875,0.0
174,445.65417840491546,0.5290820737280586,454.53782272113204,61.78799768627235,0.08026280716996763,0.11320841201127033,0.25986209557939527,0.0004888638297377043,0.7046329533476829,91,2,1,0.040196845727393245,1.170053755213698,-2.842170943040401e-14
175,449.6222020786686,0.5384957536089291,453.5604974508231,83.20470348614647,0.08180733317214293,0.11415222923786397,0.264400913435362,0.000572435226441296,0.7143624955298848,105,4,1,0.042321864192891745,1.2324121141399786,0.0
176,455.3843222265468,0.5456916688364746,464.33769968800584,59.079437662226105,0.08174077710507793,0.11299149163201072,0.2661044240158321,0.0005973473496840305,0.7417440046538385,97,3,0,0.045233247851348156,1.3811873653527134,0.0
177,456.9465838032851,0.5334446520666108,450.68933287617074,62.75160709737817,0.0822589175342889,0.11733822991446966,0.26734363144961565,0.0005769054887832002,0.7313891403577946,94,3,0,0.0432801101458359,1.3663152847194213,0.0
178,446.9798536975008,0.5421628138870247,401.65963127848113,88.07320844193666,0.0801512726183485,0.11733595575985674,0.26838011690971497,0.00045882233555001947,0.7277552477872661,103,6,0,0.04072155001535927,1.4496543119099288,0.0
179,419.10607483764926,0.5605979104540679,449.26398339970575,33.78782902389912,0.08324677093304599,0.11134514618717284,0.2691741788696054,0.000616316123515958,0.6854852308670655,86,1,0,0.048662024669676895,1.2970325799339295,-2.842170943040401e-14
180,433.36394567273635,0.5600487447476233,436.8676032291703,60.602956730091506,0.08165113301416443,0.10809570103333001,0.2731228844995629,0.0005715978337431112,0.724447173591342,111,3,0,0.044092652421041933,1.293200728372204,-2.842170943040401e-14
181,436.09928391492195,0.5441302013389062,459.5660142675366,71.73597431744588,0.08108294537910478,0.11420377646357979,0.2764978005454067,0.0005466272966851728,0.7329917118258001,109,6,0,0.03628168209132565,1.4759798939757085,0.0
182,451.39851751557785,0.5728114134207563,442.053597293803,82.6862362508361,0.08193570240505492,0.12196898438686324,0.27803274633169167,0.0006024788020202212,0.7536064294294637,100,6,0,0.035148676894736774,1.7192012514689055,0.0
183,439.1946837014975,0.5481449966307366,414.5255218338423,102.54187087012639,0.08106413866050317,0.11981277715301214,0.2810395785485217,0.0004867220862338892,0.7310531782050118,111,7,2,0.04108453825660023,1.6565090035176908,0.0
184,414.36593862561995,0.5420104684543188,391.9571683562741,93.21077991726136,0.0800786918630678,0.11743782724632167,0.28581616406812155,0.00047681765802127927,0.6935141930023845,115,8,1,0.04013312043259147,1.616996181948855,-2.842170943040401e-14
185,407.17163160712585,0.5543916390012521,396.95019656373177,46.36687138734186,0.0799336307539312,0.12400218534175582,0.28826985820094053,0.0005332356311441149,0.6802994996830131,93,3,0,0.02757929324869715,1.6720388727755675,0.0
186,400.3080773271349,0.5725386800303802,410.9898759723249,68.7702539664391,0.07952608546893632,0.12121081164670641,0.2911766314341794,0.0004902581663503769,0.673757492299673,111,6,0,0.025706389019225707,1.6349613288544966,0.0
187,414.29729890964285,0.5832177280724767,423.1358782329489,78.41338150333897,0.07981118392625045,0.12241900157406051,0.2935747967857337,0.00047880501886110913,0.7063166848771452,112,8,0,0.031245778268601032,1.800036931114597,-2.842170943040401e-14
188,413.43304996059294,0.5178619788097238,423.66505142687856,115.25612179318688,0.08146714011213711,0.11631032690966514,0.29937862056392284,0.0005257737911598604,0.7197756344868046,122,10,1,0.03376149066305794,1.846333678873168,0.0
189,422.9833286517402,0.5138027781661942,456.0668292755083,84.18287866280562,0.08046780842062737,0.12177697534180268,0.301840955305747,0.0005081315913362743,0.7399329165175732,102,10,0,0.036027645471981076,2.0561638186591864,0.0
190,439.33582318345543,0.5275830703021778,462.38220617121596,107.8799477909779,0.0824513390868758,0.12156678788388245,0.30504158561013406,0.0005677086992576848,0.7764647623603116,103,11,0,0.04522764753382275,2.2220350847127186,0.0
191,446.23409683978537,0.539831665133873,470.9452968362775,83.60408297458594,0.08232602773884248,0.12122410441326922,0.31002702714622854,0.0005770795589413689,0.7974210630181561,90,7,0,0.03506500792368578,2.4718315253490206,0.0
192,447.8044872594939,0.5106254077925945,426.2500620063612,147.1205762384816,0.08136323778382616,0.119843397587421,0.3132058048768375,0.0006053780911737398,0.8042788782437033,132,17,0,0.03158746558683512,2.6438888744673865,0.0
193,439.7567257030147,0.5322417271916913,488.54311655763763,123.75660387062223,0.07846969818121972,0.12110090094310252,0.3162527674928828,0.0003644168880091173,0.7911073922143538,91,12,2,0.028527577201913706,2.4197834097950888,-2.842170943040401e-14
194,459.30264301570344,0.537269003338779,438.5403115511575,136.0433877484486,0.0807704507500651,0.1257059047769655,0.31910167362840436,0.00047473238323081677,0.8290906033318264,108,13,4,0.04149024448594753,3.2592784901193532,0.0
195,444.0536882294957,0.5558707883688345,440.67063799092864,134.52220690589655,0.0820320106801791,0.12657255758640729,0.32061792800150857,0.0005088285482877168,0.798814073812657,104,16,3,0.04271118910490064,2.676803208872629,0.0
196,434.4963158758927,0.5447259286302801,455.4310264528797,134.42520488565717,0.08081511766242497,0.11398793707868805,0.32288710129036774,0.00048641692988906623,0.7824149187591336,110,12,2,0.03148992357134949,2.1459838141853265,-2.842170943040401e-14
197,446.62766595673963,0.5622350033465131,430.08093545037025,122.34984190864279,0.08126887964125788,0.12588388722608193,0.32448955148908665,0.0005080648672870602,0.804820283639159,106,14,0,0.03186385122141659,2.639961193431414,0.0
198,427.6709731674409,0.5429952789863344,448.97623972241615,130.18542897579172,0.0818948140454245,0.1212980995300992,0.32709029000996387,0.0005349635712367164,0.768702836161236,112,15,3,0.03824384827342906,2.397022824883303,-2.842170943040401e-14
199,436.42135852686823,0.5374707456706322,454.55413509324967,153.92429479400317,0.08120333797453495,0.12042233009459594,0.3274880821793094,0.00048763225012467054,0.7872408604445471,121,18,5,0.0305946870771092,2.449889186913585,2.842170943040401e-14
200,448.9031337384913,0.5470202003143074,477.07316590808773,133.12086078171217,0.0800633616034338,0.1175390684606136,0.32996785328744604,0.0004171308818046082,0.8171127406364093,98,11,6,0.019289776737293006,2.5324099885644937,0.0
201,458.8069436041767,0.5609212150783313,434.11924084539993,176.48317202382867,0.0822294961190208,0.11969958181069705,0.330784040198024,0.0004621457618927054,0.8418159968361116,106,19,6,0.03297271644840383,2.7192714473827855,-2.842170943040401e-14
202,440.0743466051247,0.5602895187498944,403.61901194439884,164.4260691934729,0.08259453993695166,0.11976156485352937,0.33275859169505834,0.000495442181290101,0.8042583391035198,115,16,7,0.03800111715868107,2.4447861425169184,0.0
203,417.3574253144877,0.5622632095561435,407.6008975649863,145.64819306077476,0.08258909209561438,0.1193875433413859,0.33420438209113906,0.0004771049971803084,0.7597079108418912,95,14,5,0.04082943189581769,2.3886659140072957,5.684341886080802e-14
204,404.24372519643316,0.5528794395588981,396.45825838454334,135.78905978883358,0.08432275590984696,0.1200459637016034,0.33729662901485413,0.0005822906781275778,0.7321676508926006,94,11,5,0.04157061525525488,2.332992202609281,0.0
205,388.2852703359757,0.5339307531511216,387.925793743644,123.25799007193112,0.08541332015843625,0.1152890196817293,0.3375550970765654,0.0006459534798318538,0.702060528839554,110,10,5,0.04088695001827141,2.1357698312123268,0.0
206,383.87863567464296,0.5176036889112914,405.59399447759887,117.43684353575244,0.0848858171960544,0.11490741791012958,0.3387899273627958,0.0005929189791174996,0.6933369713175762,110,9,3,0.04576528302848179,2.5209098974591293,0.0
207,396.57037445162274,0.5129070386354946,403.9982806767115,159.7048318520167,0.08742803860030733,0.11361669727007687,0.34037555419538373,0.0007254579879592335,0.7237524611733397,134,15,8,0.04960638159066398,2.1197623062690205,-2.842170943040401e-14
208,403.40050904886937,0.5004947033100258,378.5420340413126,160.41924731860945,0.0847481536726805,0.1159303550004879,0.3399128271019083,0.0006193773901887392,0.7375955381215866,126,18,6,0.040587859465539014,2.9070669462228587,0.0
209,396.23088402293195,0.5150275153431583,407.9884540864913,116.83424092354959,0.08430063645764073,0.11593089852792766,0.345636170595918,0.000548730366302612,0.7182898034362303,127,10,4,0.03700312662150684,2.2212694871907837,0.0
210,413.08134519445576,0.5284145306274872,382.13269179806554,160.9717844514645,0.08149238353584519,0.12338701361730574,0.34396018539482615,0.0004081746141915438,0.7551691173132031,123,16,4,0.04532483716688323,2.5431939195345383,-2.842170943040401e-14
211,392.4280931353147,0.5260495723642248,402.5012668736257,129.34336611805205,0.08288642505375943,0.11903720243788589,0.3437055875539359,0.0004814395403639734,0.7124188261060832,102,12,5,0.03591780894322385,2.401121311417601,-2.842170943040401e-14
212,397.740940937489,0.5345492550263,372.1313535321884,156.89316193422445,0.0844350343316367,0.12051529607274103,0.34427135658698227,0.0005764673782091662,0.7196988392343484,118,17,5,0.045001238075283896,2.3416819171784167,0.0
213,380.06696829433804,0.5023254490642308,380.5270191821949,127.47496252943196,0.08539289843676677,0.12213350491638979,0.34449247834475805,0.0006064648376753515,0.6846603715405658,115,20,4,0.03981082884605735,2.244292449382948,2.842170943040401e-14
214,381.34712583111997,0.5133701591599122,385.8577036618727,116.52936745540057,0.08562874215380986,0.11977623135343152,0.3477962632441886,0.0006126534737573041,0.6887159958722141,125,15,5,0.042704674966837476,2.449573351707114,-2.842170943040401e-14
215,389.1078004053553,0.5175442070553147,430.31199509446395,132.90905216324114,0.08402293965089974,0.12048625514512548,0.3485629878416116,0.00048503319694562144,0.70425029488476,113,12,7,0.04717548647054646,2.4536386966224493,0.0
216,418.93016446162756,0.5278997258374587,418.60200249665274,167.38954361818347,0.08560951670792102,0.1178831698700437,0.3503998388102873,0.0005972008894014756,0.7706568305279973,111,15,10,0.05003504604773016,2.498463043433045,0.0
217,414.75490231360925,0.5084253674465282,422.3600515823824,155.24822040673507,0.08698359071281253,0.11396943254392272,0.3520661692104576,0.0007057868961139493,0.7636899023770741,112,15,5,0.04862833537880708,2.541153527269984,-2.842170943040401e-14
218,420.86206325038324,0.5448952970125589,419.9056164381094,156.72657194314843,0.08233401093265197,0.11770963198044086,0.3543036550266581,0.0004718417741175602,0.7744755076404048,106,14,3,0.032459554383874975,2.4265691065409563,0.0
219,417.4375103834155,0.5444217247224772,407.8524804637004,169.9172756818268,0.08281345820785332,0.12177619841216672,0.3531373773623944,0.0004740863531001258,0.7666987875340902,110,13,6,0.04011469718132783,2.648034204490271,-2.842170943040401e-14
220,401.0807112164792,0.5529911288311479,385.31414316263647,158.91075571335145,0.08494422694907883,0.11569086992127652,0.35561707857836933,0.0005896593089224336,0.7348377803597161,112,13,6,0.04609144053343466,2.6238659288277595,2.842170943040401e-14
221,396.75530806801123,0.5595640119599268,394.54517693197903,148.06805451474796,0.08418782809239105,0.11448512972106244,0.35418702730011514,0.0005686998256858,0.729046441414554,110,12,6,0.03891673020061682,3.0629490862364888,-2.842170943040401e-14
222,398.4175719433513,0.5414710461206398,415.61706224002705,166.81089175329316,0.08148172139162062,0.11758320785278079,0.3537818310574741,0.0004264152754456354,0.7273246185654192,131,21,7,0.029965118315496295,2.3049979601876,0.0
223,414.7338330721831,0.5380154295891475,430.70387023005327,162.01435412429515,0.08359482891174727,0.10911814865191775,0.3563669339784227,0.0005678859044302266,0.7606059029113449,112,13,5,0.03638229984111997,2.148194598153482,2.842170943040401e-14
224,425.19777367293494,0.5571547286156868,428.29532225084495,164.93515290310583,0.08217593948015509,0.12632434162800238,0.354339688824925,0.0004864611382185017,0.7819067594543744,114,19,8,0.03978931563937978,4.132740059805999,0.0
225,418.36844727083496,0.5121950367076442,410.2873989950284,158.86320052168657,0.08471037867946019,0.11402428607160826,0.3553350091214189,0.0005495398640571252,0.7704196143777219,118,17,7,0.0411088618371763,2.442322323218655,2.842170943040401e-14
226,417.5922472400535,0.5562820350328941,416.98497878485193,144.17907143554746,0.08500011371850158,0.12029321684054026,0.35531430773935424,0.0005987965849278124,0.7673028952601001,107,15,7,0.050583524517006366,2.643479755628818,0.0
227,413.9458784724199,0.5666366356246494,410.5747745800708,164.08060356453274,0.08495612868679368,0.11980600594884462,0.3537457422031214,0.0005646827656355419,0.7570417079934894,104,17,6,0.04194189895382437,2.4461306982193887,2.842170943040401e-14
228,409.6366505640029,0.5646529939618501,394.06670363829176,164.4705337399569,0.08400542151756384,0.11548453135850986,0.3542660955960464,0.0005289276743033528,0.7495126219879417,123,18,7,0.04923042479311696,2.4962881024697263,-2.842170943040401e-14
229,401.42958099776513,0.5305897412906302,426.19666039187405,157.95114213594965,0.08426805905954404,0.11453598583961049,0.35530760397723676,0.0005518895216771672,0.7311357813961247,112,16,4,0.03831253308014978,2.2875431431685582,-2.842170943040401e-14
230,422.60953732306746,0.554766346294197,409.09987919046614,158.6718359174036,0.08394171949668892,0.1165210656232205,0.3554656217921862,0.0005016730279513175,0.7715531021455759,115,15,6,0.04383469452299577,2.638124776499475,2.842170943040401e-14
231,411.0030755281581,0.5644269385503173,430.2822345954852,114.7426457982406,0.08264393131128138,0.12050914700045534,0.36529906114844685,0.0005010117683672147,0.74667278635244,109,13,4,0.032931164581329865,2.5274680379325454,2.842170943040401e-14
232,422.0095388230052,0.5511055817851345,416.2379711873504,124.74570488715662,0.08459667489491074,0.12102857359942462,0.3687138631521876,0.0005835850006687957,0.7718438589250392,90,13,5,0.04428462457682859,2.610821381729906,0.0
233,407.4282060073116,0.5513750997714961,438.4066368930427,144.6446310762145,0.08665317541183157,0.1203958983136601,0.36871527695504314,0.0006586965003185776,0.7467690646895137,121,16,7,0.05698592956283922,2.5044164882732867,0.0
234,429.628588540174,0.5380298189281636,471.73637448891657,155.42715590452877,0.08315353112199717,0.11584245859155062,0.3707792047205962,0.00047193707391896835,0.7922445880770183,106,16,6,0.05457194806456447,2.8380365175503255,-2.842170943040401e-14
235,450.8082661193665,0.5322227804745909,420.350302973019,183.42778481433442,0.08431302397612685,0.11711421632523498,0.3702508432134124,0.0004920817999116167,0.8348796054133295,105,17,7,0.04590163781156854,4.3355428140588295,-2.842170943040401e-14
236,425.9803453759687,0.5544557701124647,434.2684599112027,159.74968512003502,0.08281142491373453,0.11570020550610857,0.3703757913935824,0.0004668775100383878,0.787787465044387,104,14,5,0.035596989808408794,4.001829708201258,0.0
237,422.2125045386768,0.5538611550413604,387.098565568533,168.18321022921583,0.08261504692888036,0.11688746572791747,0.37087438129075656,0.0004953415810774318,0.7773458536647129,114,16,7,0.03116850507424894,2.512730139747103,0.0
238,402.66821621603094,0.5426518115525658,427.91344442365516,153.74368196372365,0.08283261556366318,0.1192488161494063,0.36921778493044977,0.00047983432405098423,0.7361746611610254,110,15,5,0.03168400244515208,2.6667773347058548,0.0
239,425.74470742516286,0.5669681827476523,381.9176390958053,169.9954678860518,0.08139432865144038,0.12179012814018511,0.36931526357086353,0.00037316766778169776,0.7791436478791325,110,18,6,0.03326664009634173,2.598964487839361,0.0
240,390.8387027323965,0.5471229669429132,392.9428790119297,136.16274060544077,0.08426670197939466,0.11794429899692793,0.3717751339136184,0.0005660884136718883,0.7083564803303839,120,16,5,0.040930504085301835,2.2902893287424306,-2.842170943040401e-14
241,396.0273214768861,0.5307077241313884,391.6666502282406,149.48331380488418,0.08610561359003913,0.11903829856700668,0.37456492246243916,0.0006482590100301102,0.7207279552406749,124,16,4,0.04794678234384034,2.2490068949562136,2.842170943040401e-14
242,392.8446789343009,0.5345184530284934,424.52321941303916,130.0770820063463,0.084368522019827,0.12041181991582448,0.37667222434124076,0.0005195126374478258,0.7149041614422208,117,15,5,0.04666427930319256,2.2731117087241626,0.0
243,415.6088104901995,0.5411597052360098,407.9155595594084,150.17532947208363,0.08472589702991556,0.12253112645282085,0.37861860089215826,0.0005813267094338289,0.7594371225160876,107,17,6,0.04241365524962476,2.60667800574834,0.0
244,403.6320446079453,0.526125780427692,411.55395770261845,137.17958904007958,0.08476309674016601,0.11887924748186342,0.3794894602279045,0.0005640038305126488,0.7432657307352397,118,16,6,0.0509457384797213,2.6986680537705876,5.684341886080802e-14
245,410.975720219124,0.5389383141105173,403.91771652212105,141.73274611870124,0.08599267100747407,0.1193676766942553,0.37931178949836597,0.0006301402043064934,0.7566108208034895,104,15,5,0.04927714238039897,2.595761762393613,0.0
246,400.8356216278015,0.5190178765350995,376.833404655281,145.94473642448543,0.08713646272107575,0.11822847936478473,0.37882641563160324,0.0007198437170228407,0.7344768932651011,106,17,5,0.043811039256194194,3.3006783514272904,0.0
247,387.1187519301565,0.5336196783463465,364.58560530021833,146.44561846787397,0.08618683030038032,0.11682325852120824,0.3789701648142142,0.0006626522252107989,0.7052919198706571,120,16,4,0.042748157579375744,2.2953806287426435,0.0
248,375.7003684985742,0.5199470266603801,368.40848802728556,130.2035894144609,0.0857535885941336,0.117772838933065,0.37718800377191314,0.0006668742958950747,0.6809829160911366,118,13,5,0.04179867712254395,3.649823777998954,0.0
249,380.0916022857663,0.5620067348517424,377.5045704482003,151.26740900181596,0.0822068774701902,0.11784593754659983,0.3749912807038182,0.000499188191287505,0.6909793332103962,134,19,5,0.028859495075937224,2.7265085501113546,0.0
250,385.6068173854894,0.531761189808059,393.3269206867156,139.2844608398986,0.08144495541675328,0.11360417834238702,0.3729404427826241,0.00042787795689909334,0.7045619677437699,103,14,4,0.031492496691309435,11.733613262492346,2.842170943040401e-14
251,385.3030987935736,0.5140738784158092,418.70890559057466,133.89075362631831,0.08396511265194775,0.11784995103590139,0.37192432096943034,0.0004683900128535943,0.701648453163048,104,17,4,0.04770356717660364,2.287441391231883,-2.842170943040401e-14
252,408.0661690113531,0.5342062751023768,415.59668390297173,150.9591973873829,0.08356778269766332,0.11158408464175283,0.37746353402121097,0.0005171082983777347,0.7514271928839662,123,13,6,0.037427856967505606,2.254326571752722,0.0
253,418.4999381261325,0.5377169855970432,447.88868827516694,160.60667010639082,0.08244330104167628,0.1196473171229231,0.3769569913854765,0.00047101517342824207,0.7797039172739357,100,18,6,0.04527066078359445,3.545815768163663,0.0
254,431.6790025919212,0.5422910542271965,446.2498338262729,176.4394349202973,0.08655305584243296,0.11643155828240657,0.3784013659241482,0.0006297563756639308,0.8031286465376328,115,15,5,0.05524463425691743,2.5906847161975883,-2.842170943040401e-14
255,441.2335804609482,0.549413248107063,449.4931027478111,197.32921634878792,0.08499126988376877,0.1168769017546473,0.3784365770957483,0.000600652180825341,0.8227511230562387,114,21,7,0.040169202749118386,2.8923296233314404,-2.842170943040401e-14
256,447.0229674238142,0.5584413063256213,445.9429033122411,200.6841836530989,0.08665510820276305,0.11396784941808806,0.37771530454243374,0.0006674814724383616,0.8360448408873014,119,19,7,0.052163170837027435,2.7082694955362108,0.0
257,444.13709495981004,0.5473037670534455,438.9632947674087,179.75111172153493,0.08434820748880983,0.11263616416197024,0.37841910337614004,0.0005442481461416706,0.8298680354401348,114,17,6,0.042533835967743766,2.697190025172597,0.0
258,439.76711739969096,0.5427417654842821,426.9465285681338,185.68929742628154,0.08429015361367977,0.11304298788153185,0.37906374690892053,0.0005795882866499875,0.8229278114787837,115,16,7,0.03219408487278606,3.3033697173089402,0.0
259,427.00519147521925,0.5366405801164507,424.95885714511564,176.06474633413833,0.08171305916925761,0.11626999750365491,0.3767698269901632,0.0004682539567598587,0.7956135529582014,97,17,5,0.02688850180995469,2.9310831667298163,0.0
260,419.6122398678922,0.5540202940692838,408.6692440414861,152.37851046583918,0.08282965743555713,0.11420974226526054,0.376101779796988,0.0005128564692844908,0.7757643967200167,105,15,5,0.03544851904636349,2.6534055253862032,0.0
261,404.39359475999584,0.5436940275627422,403.5147163534897,154.35968797566596,0.08411814471302623,0.11560828066981493,0.37573160496950775,0.0005145679364892437,0.7461716122999568,114,14,4,0.048315775702457466,2.6866619902712308,0.0
262,398.97932392332064,0.5284105918438718,390.12080202457526,152.06780278190462,0.08449757245227305,0.11520738894016186,0.37465456683691467,0.0005333778359311047,0.7359644792560387,107,13,3,0.0445755185471655,2.4432801582101606,-5.684341886080802e-14
263,391.82996691153187,0.5376565587742801,361.58377861810277,172.6024269278488,0.08618876419264516,0.11123527785067769,0.37607041480827363,0.0006205991831020257,0.7250898243382488,113,16,5,0.05055313886960862,2.292531411764218,0.0
264,371.1387811386645,0.5202058884918366,377.90812502730023,121.79002679079542,0.08667809669939469,0.11329272679130051,0.3761131355660304,0.00063197226569951,0.6840516469051415,115,12,4,0.05431427731519925,2.785464556747678,0.0
265,381.69578917425883,0.5269311037447909,381.79631006172144,163.85413931152885,0.0855566757719462,0.11516821661132758,0.37523855167677256,0.0006514016649582748,0.7066537546669547,122,21,4,0.03932962254153403,2.5803115263423453,0.0
266,378.0842994520143,0.5213274873691369,397.3596541840674,163.18990759000394,0.08514457584958825,0.11191516525993839,0.37539535642806515,0.0006279168536558064,0.6976700061871621,116,17,5,0.046204101161499866,2.2363924248090927,0.0
267,395.5576128462228,0.5099759698771102,409.06938014897344,165.57883411920213,0.08492408622020474,0.11101104834308481,0.3755425542230535,0.0005703396234986328,0.7328222561824866,123,17,6,0.051428271033176876,2.344257021768188,2.842170943040401e-14
268,408.67930839063564,0.5326941090032363,399.04859352076903,166.2159327199937,0.08492788981428562,0.11664740109526003,0.37362098976787717,0.0005541607446638803,0.757968903008037,103,17,6,0.05480395038190687,2.765933440314393,2.842170943040401e-14
269,391.59195581313486,0.5298665053832634,349.07046030580875,165.63866873486674,0.0867208158031705,0.11617476386503803,0.37371191710116547,0.0006731103369554059,0.7201711295733241,124,15,4,0.05777871828722056,2.425660696460825,0.0
270,379.967379445574,0.5538784581674425,377.8148112087554,173.22820648934496,0.08306021549154728,0.11543004189390516,0.37568686397666057,0.0004625471887860225,0.6928344598143517,124,20,6,0.0423700425476233,2.2041042147347114,5.684341886080802e-14
271,387.1823152276286,0.5539687625383587,402.11182842062647,135.9581507514028,0.08546632939971616,0.11787875138889616,0.3735853477989208,0.0006372994609835834,0.707308866681449,106,16,6,0.04282963249800051,5.455610526909659,0.0
272,395.44455415977575,0.5470063628591215,407.68144070564813,125.29146612193736,0.08270796877376389,0.11782359468699305,0.3737215086650106,0.0005115632651729216,0.7248404630396849,89,16,5,0.0380129125593734,2.859334105411457,-2.842170943040401e-14
273,398.1321345597328,0.5595659154365965,406.1286493392852,123.08227363121922,0.08586593118732234,0.11642560544097896,0.37463746076865867,0.0006412411238958443,0.7290221840049934,97,13,6,0.03947659418500409,2.297665382207816,0.0
274,398.9967909425278,0.5424552527241532,380.9208432814308,158.43437045175696,0.0853747478543595,0.11893755790916596,0.37636933767046465,0.0006302603107064598,0.7301406413258519,112,21,5,0.04690348160492502,2.5622849882045213,0.0
275,389.49403744036636,0.5566915106430671,356.885324323164,146.98207783305224,0.0857947459944547,0.11734689068881923,0.37840264001881774,0.0006552862767963075,0.7103423644025721,118,12,6,0.041019248384990784,2.438972624088274,0.0
276,363.77782132298717,0.5147883895042806,374.82761554981084,138.82582027686306,0.08517138033813981,0.11563559969175202,0.3791970014450278,0.0006345078847915308,0.6701792694688091,107,18,3,0.041482819684517364,2.5012212780584333,0.0
277,372.4715366592094,0.5136648558797936,348.18080094112554,151.72659962355328,0.08541461560738807,0.11552697936215266,0.3792551881592563,0.0005824455280600591,0.6869982512117978,116,17,6,0.04560307976619333,2.5105029887846877,0.0
278,355.39961070651134,0.5320400669869947,369.52992120744506,129.652401011933,0.08539775686268748,0.11514790925231928,0.37821241458337024,0.0005590468874494538,0.6542308922184077,97,12,5,0.05432101709849019,2.6576151377474786,-2.842170943040401e-14
279,367.11154233186556,0.5401489247428786,352.99956326295774,136.25735141411047,0.08700536296774748,0.11621915471369655,0.3766449665289377,0.0007052024974654542,0.6767165011652316,110,15,5,0.04578080731817154,2.5008882576373406,0.0
280,354.57930595523806,0.49785478301272057,354.55952675974197,140.8665969757795,0.08685819502350714,0.11499146607975042,0.37670631237108787,0.0006780357406535096,0.64716376712497,113,15,4,0.0488304908400502,2.197892091036116,0.0
281,358.5574643820781,0.5191410860002311,359.3224949089591,142.56734648386455,0.087835754383775,0.11278664869389603,0.37602579818822424,0.0006259469002921545,0.6610456698749585,105,15,8,0.059327904976252864,2.3365211348289696,0.0
282,365.2056295540706,0.5473002372725007,378.526369131589,127.36507933529424,0.08528392030355207,0.12272249558802484,0.3734755458706789,0.0005271671817611785,0.6667461448790105,114,16,7,0.05201949111742043,2.9294792983277516,0.0
283,379.82462022289513,0.5146639550200014,403.1639952116102,150.47839257010457,0.0837913796976424,0.11779660892837916,0.37229739474222684,0.0005288514760813365,0.6887405742573237,114,20,9,0.03491522896816466,2.1553424539606616,2.842170943040401e-14
284,400.1848166207636,0.5463793984439407,409.5732729603504,147.0934225020024,0.08348363641392859,0.1154399949606719,0.37251197989429424,0.0005430625153755335,0.7305930820625999,108,18,6,0.03475760631165886,2.398493972775209,0.0
285,407.4685878329465,0.5564948920214785,404.20308689350384,144.7729666336271,0.0837039425089962,0.11635388218533896,0.37540885920862277,0.0005516560301810325,0.7451976590284372,113,16,7,0.03358787132633087,2.327525030043521,0.0
286,403.3697903865889,0.5432752553286704,399.61491918041645,139.52454372946085,0.08256855456497222,0.11675458456528706,0.3759615749961764,0.00044543055036083055,0.7372936007194446,100,13,5,0.040031275640426446,2.431480149709025,0.0
287,397.8504192666363,0.5523804081430002,435.54470423820396,155.45588001473732,0.08275058352691085,0.11874390464633319,0.37476133872523987,0.0005022987019281365,0.7312758718511215,104,20,7,0.033382943383362444,2.477317664311832,0.0
288,418.30258571089536,0.5216677815360804,424.2879435938518,146.96845071420108,0.08236828529116584,0.11622722409258487,0.3750067007307693,0.00046371706542789855,0.7705300672671972,101,15,6,0.03718471073505472,3.690672833930774,-2.842170943040401e-14
289,415.689009747151,0.5610295125741491,446.7854410111919,145.12220468535992,0.0852877703584466,0.11649135866260413,0.3731576039606681,0.0005863984588000462,0.7685992519533905,122,17,4,0.04824169288060816,3.1272422873387646,2.842170943040401e-14
290,443.2863652831411,0.5554614394700464,457.27982404455474,169.81850858907274,0.08281023246705267,0.11384032886737125,0.3737910671707196,0.00046610783159527723,0.8226211730104683,118,16,5,0.034910118441402564,2.9481427012825647,0.0
291,448.1432011928558,0.5523472674750831,445.1477675087077,177.28882184263568,0.0852474582658136,0.11748413760452295,0.37309115120440506,0.000628967811712427,0.8299238074840726,126,17,5,0.039942663319239444,4.265037981051231,5.684341886080802e-14
292,444.2332764013928,0.5557987812648997,425.1729615375995,167.6097081429025,0.0822655619483564,0.11390683792053417,0.37822839586554075,0.0004243028543752167,0.8236155806529457,107,17,4,0.03503142363170792,2.7653947499269744,0.0
293,429.51654290595764,0.5456770341766637,409.8068617017956,146.34678412170197,0.08083286059478144,0.11668530209738012,0.3777236689083679,0.00035836724982505334,0.7949290772958791,101,17,4,0.033416265881803034,2.7059894929094175,-2.842170943040401e-14
294,402.15938873522225,0.5546578211237374,381.26421436677856,127.17621568215765,0.08506024501483027,0.12085903558795942,0.3787776859146636,0.0005885391554818366,0.7379043754448233,106,12,4,0.040504304034886106,2.4788149027698876,2.842170943040401e-14
295,392.2990666221518,0.5655885096044153,412.61405066001794,148.26221984339796,0.08601437613380304,0.12353561330514756,0.38323852123059815,0.0005872851041242047,0.7201386101198973,123,18,6,0.051394582254256506,2.7520308653493277,0.0
296,412.83310994744295,0.5497870126475091,446.602072070445,156.5812034471751,0.08410605707952579,0.11545684639837142,0.3825978910441621,0.0005349992424974252,0.7625179127927927,93,15,4,0.03960993835005773,2.35359595915191,0.0
297,428.6927951138251,0.5839395327335137,416.65941460702334,163.72301436005108,0.08431742553651556,0.1115434897362224,0.3852093067049629,0.0005359630550762488,0.7964344940339079,121,13,4,0.04278657396674283,2.4830526731565707,2.842170943040401e-14
298,423.5640679524939,0.564650040111254,434.45828355123604,181.01056590616494,0.08137009891134235,0.11879675690116971,0.3861625017759194,0.00035724151671764307,0.7843463512013458,124,20,5,0.02440765722955231,2.651065056887049,-2.842170943040401e-14
299,436.8929893539312,0.5804838913219575,405.5770445720711,184.66292642650492,0.08114875064050044,0.11830448185360713,0.38758017510719867,0.00043893721684119667,0.8097372790883876,124,21,4,0.02399722877599632,2.6858980434642428,2.842170943040401e-14
300,408.47327496945866,0.5407451180004075,432.6133483519603,159.09282309226398,0.08264316569773336,0.12167399616748636,0.38673940148006064,0.0004870179477126361,0.7560096462177073,101,16,6,0.031741599724833806,3.0020180825457574,-2.842170943040401e-14
301,425.3994252064889,0.5461285700030533,467.0080973138149,149.05323535195663,0.08304771371136482,0.11537920568995758,0.3876038008628898,0.0005111871719895696,0.7886592513735955,79,13,4,0.026836433295701293,2.5393408318957453,2.842170943040401e-14
302,444.4888604574284,0.5550828875017882,401.80915250672876,163.2527754082332,0.08311415852023614,0.1169392304818627,0.3873233479193735,0.0005024762302706828,0.826152452819857,102,15,6,0.038304863619656064,2.8979540739700025,0.0
303,405.49920639616766,0.5535500534371864,408.5788182254094,154.42631061450194,0.08376937744949066,0.12137151819901566,0.3838720615405557,0.0005399351322049926,0.7475433669597435,94,17,5,0.036900791132116674,2.9190581248347325,2.842170943040401e-14
304,400.0250318320833,0.5339601267931351,401.1329942434387,146.18793654313032,0.08539366234404537,0.11522566085974546,0.38522663755733155,0.0006092568795485069,0.7336997182716442,126,13,6,0.043576032096640946,2.424836213899093,0.0
305,408.1402752153298,0.5652829389372236,418.6818809033259,152.3615010281236,0.08136660204695147,0.11826733262584561,0.38728053275213803,0.000435232927535286,0.7496701104351132,114,17,6,0.033759511745502235,2.637719481621974,0.0
306,408.002637004441,0.5380017602364179,411.090598508262,139.9241122325143,0.08418898518436672,0.1172426365574831,0.3852675957340465,0.0005607225276846512,0.7540202184491218,104,17,7,0.04087777262470408,3.04042573006179,0.0
307,406.4834598562771,0.5423243081761482,411.285269946934,147.25968218343672,0.0842652606008008,0.11979635745768386,0.3852672670305313,0.0005868750190839546,0.7439647108395105,102,17,5,0.040880404304463276,2.3088267525899355,2.842170943040401e-14
308,408.05111775994294,0.54377832746506,395.1884412525588,152.5834203624491,0.08566577067837161,0.12176676004005103,0.3838908027015402,0.0006565389503117756,0.7485486216387558,130,21,6,0.04356829502730721,2.864992753791774,0.0
309,401.38662257082024,0.5423545988994376,394.3231360236209,139.96093900282565,0.08279541418169796,0.11800399988936314,0.3776266882953527,0.00049321499189135,0.739358383752626,106,16,5,0.03818268235812579,27.617760347662692,0.0
310,391.5799511924464,0.5328460878689762,377.9899450420535,144.3702615031517,0.08243601007272681,0.11802856826550977,0.3759390489457617,0.0004691382319124118,0.7151775795123749,103,17,6,0.032098616362452814,2.491582686959984,0.0
311,377.2731433358758,0.5159368974811818,362.0848269835043,132.9347615073703,0.08299338965757254,0.1119116516136622,0.37656600714280003,0.0005214359135548139,0.684359218441678,111,14,5,0.03142410065159618,1.9430533950292352,-2.842170943040401e-14
312,371.4257733837575,0.5324253091583937,361.4322826096071,140.58984435562837,0.08443380079774786,0.11634016047986101,0.37372492197679147,0.0005873301399534023,0.6731574517455056,113,16,4,0.03204384921299357,3.0306540112106437,0.0
313,364.4904854345805,0.5253916126603257,361.90461632798036,114.74968550617163,0.0864182856094468,0.11792222028280726,0.3748042277485338,0.0006200378686529737,0.6563690579211522,104,10,5,0.042325729092426184,2.0316455134969806,0.0
314,359.90920698472553,0.5048661451481102,357.4903270655688,131.86864988786525,0.08709028052298251,0.11631552427057062,0.37431800718091107,0.0007268242913627013,0.6492621561644578,128,16,5,0.049621741155281104,2.0723893179476605,0.0
315,374.43006085775824,0.5330778290023848,361.88105984462464,132.70308038010512,0.08472180872016392,0.11763690210839045,0.3768362412689934,0.0005704408032133147,0.6806017285768994,128,18,5,0.041405469127001326,2.8967179528286033,0.0
316,376.2349587634876,0.5496476629640441,349.8321088744574,131.4377717971718,0.08530302251524884,0.12033817704113262,0.3780640691891496,0.0005211674722607293,0.6853660642585464,107,16,5,0.04616377804742786,2.417547886733882,0.0
317,353.7894860156629,0.5222647992461962,345.2045482463594,126.05922947236249,0.08573643483088794,0.11966288649658406,0.3806092026382213,0.0006532672496912615,0.6406361982110306,123,17,5,0.04311948954250283,2.3191803667114774,0.0
318,352.85118552193535,0.5063643302474412,377.03202372752895,102.44149023183547,0.0846039291451087,0.11922589098338313,0.3818515254885928,0.0005694652112042586,0.6345689861261908,113,12,3,0.04049910346628462,2.1986297141481086,0.0
319,376.65734570133725,0.5246979635648077,358.38246335399947,138.82746313655545,0.08649721358671801,0.1189746313685639,0.38213796086210244,0.0006540754981712515,0.6871402999516627,119,16,8,0.04072471769954276,2.81817473094355,0.0
320,365.2258829047555,0.5495257922582706,373.1748380210243,133.3081957882065,0.08411567202998983,0.1250853088153251,0.3813852830922117,0.0005057538186841928,0.6631991352310248,122,15,5,0.04238543048045742,2.665128978187342,0.0
321,381.63291003605553,0.5591968713653801,395.3154669126112,152.56581197901983,0.08470282545535393,0.11719032999361678,0.3808223926386308,0.0005789919272427492,0.7059377563195988,113,17,7,0.04289905368752022,3.0341633002499324,0.0
322,394.424260628312,0.5490004454048121,383.0378812655138,145.37716285078852,0.0829977427853517,0.11528078998113662,0.38488546534403917,0.0005284388717385633,0.7315447404341844,112,14,8,0.0353196789966972,2.9902930824495924,0.0
323,386.6330807536761,0.5655360482298609,376.85640216922326,159.95607577761527,0.08278446644177649,0.12197593808013527,0.38477117038430814,0.0005154903393084628,0.7148305909937192,127,18,8,0.03169435416626946,2.9027388507410246,-2.842170943040401e-14
324,383.0695042820813,0.5309956414717131,389.11428423163227,157.51414412793065,0.083383260104935,0.11684885220936084,0.38408395301570075,0.0005124978427944031,0.7065345803540015,106,15,7,0.04227755312844684,2.504457342787546,-2.842170943040401e-14
325,389.9867783041748,0.563319969530025,371.19013935728503,158.24388289138463,0.08492699115538463,0.1161439537646797,0.38542036708630123,0.0006201420728268056,0.7214006885283955,121,19,6,0.041455278257203305,2.8495426955589958,0.0
326,377.12472055969306,0.543905374677703,372.0010203509122,127.28611371979969,0.08270315340726384,0.1188630447571613,0.3863384349021273,0.00047964211654971434,0.6883995018959902,103,12,5,0.035208565094633514,2.3440126697550285,0.0
327,372.1384688609501,0.5558870304434346,367.31993702121565,153.66827328850374,0.08673483583869473,0.11735182746839122,0.387063380228671,0.0006544180198612426,0.679634447621952,125,14,5,0.05093442237535429,2.211012095521064,-2.842170943040401e-14
328,372.82440517391296,0.5379480156373933,386.93821889527874,151.50138103477914,0.0850169688459609,0.11788178910888236,0.38657271540566307,0.0005576339593973245,0.6802214414095119,108,17,4,0.04299031256706699,2.3281261651681806,2.842170943040401e-14
329,379.50741909182466,0.5225237707782435,370.98989119841497,130.7469596314447,0.08608517839883326,0.11634251982261551,0.3861062006949439,0.000626663547332674,0.6885086820053969,93,12,5,0.04512806051666026,2.2366258409308792,0.0
330,369.85317557824084,0.5290099726801663,372.38201639229845,130.73065223229779,0.08868198862993242,0.11596835495354785,0.38528879997418686,0.00074328684573898,0.6716239205174941,118,16,7,0.05452239327101306,2.1551350480504188,2.842170943040401e-14
331,371.4020049935473,0.5099142690490224,387.8261015176647,128.93520909444334,0.0852910225547877,0.11099400389597613,0.3884206685326357,0.0005825052988799251,0.6779932833034349,104,12,5,0.045995156784816395,2.0259947529470756,0.0
332,379.35302149659975,0.534020168074283,408.3132663831725,150.59654404008464,0.08763763423030384,0.11570989229230708,0.3888927919061632,0.0007139552171070671,0.6980741699901468,121,17,5,0.050015221944262986,2.5332870037039155,-2.842170943040401e-14
333,406.49748819923656,0.5720095407185466,412.5989649560267,160.68476137623918,0.08581253731523311,0.11592030956204999,0.390390209590113,0.0006450131371591321,0.7521750024661867,119,17,4,0.04641059495239267,2.745453171641065,0.0
334,412.6658107608165,0.5449182027232997,373.2356796144589,168.57991057511953,0.08485994169800759,0.11569830036373654,0.38948440080536334,0.0005927228305874779,0.7690341460458406,114,18,4,0.0365527425320006,2.7147937681465946,-2.842170943040401e-14
335,387.0024341816842,0.5247269157056098,397.85359628718027,163.37391621880207,0.08640891246708893,0.10959710262630719,0.39360532820729277,0.0006463389969557454,0.7183468119608801,112,15,6,0.044183056872248376,2.167604835281827,0.0
336,396.7717881395761,0.5247560215496578,395.6282253242865,164.15820128912299,0.08638059068416465,0.11240612266000895,0.3924358220321385,0.0006250789986746003,0.7405726337200427,93,18,5,0.054501121925309065,4.269058232318815,-2.842170943040401e-14
337,392.77254443049753,0.5384612038335881,401.88035311351615,169.46231957821516,0.08474393018278137,0.11969362599110019,0.38674756803792526,0.0005113010936877678,0.7271263875317654,125,17,5,0.0474391634813844,6.7322954377672195,0.0
338,401.4474789975479,0.526088562060815,413.30473604115156,156.20006713404263,0.08349489298014844,0.11428306468783599,0.3885204029198124,0.0005380099355932888,0.7429227211143695,125,17,5,0.03504710561978182,2.81979178351976,0.0
339,416.9372891287509,0.5534267047341257,410.2937759983305,182.93326133021571,0.08159017053485375,0.11893923705614777,0.3883797204099897,0.0004614713538387689,0.777278258175472,120,19,5,0.026321151228947286,2.805244522483401,0.0
340,410.8515256368611,0.5383191153015672,419.5937679748557,139.49397614373638,0.08049775071151086,0.1186659908285462,0.38574386030120145,0.00041482724539684124,0.7570002218874854,105,16,6,0.02788211941376558,2.815848873362523,0.0
341,419.27578860320284,0.5912358958801829,400.9824148596173,168.01215760184573,0.08249814865688003,0.12192409372544959,0.384900517287179,0.000491070274108729,0.7730043619624466,127,23,7,0.02380829550534014,2.8695888079953846,0.0
342,404.329523528912,0.559767923391177,403.95499058315266,144.15446973051414,0.08282582848644107,0.11706296910758367,0.38437477630399247,0.0004667249799606229,0.7400995037328537,93,15,4,0.03175488630143423,2.354999806033238,0.0
343,404.008927070966,0.5783026957582333,386.0737448737665,160.52176783979377,0.08372325695044418,0.11863330567661347,0.38382140186735236,0.0005410341697236291,0.7417512473245882,117,20,6,0.04173611575421734,2.6707507314560464,0.0
344,387.92078213000065,0.5352003274615798,356.1165407887937,143.28101032788334,0.08442611694179566,0.11767413060767433,0.3828698085985444,0.0005537676914795319,0.7096761465936172,117,20,5,0.03441441786277496,5.807283575707879,0.0
345,367.9029418938312,0.5101362465224346,377.4250851307738,121.48780826928096,0.08226983540119849,0.11784503004439366,0.383102542751575,0.0003940977039333011,0.6633734529695453,109,15,5,0.035748775388565815,2.0689453693374418,0.0
346,381.9654944067239,0.5784735006861185,392.05236620224224,143.02899222068498,0.08262650939406906,0.1194041035437636,0.3850419137413665,0.0004563779534617963,0.6955336304289312,122,16,6,0.03057429979818176,4.385519265628363,0.0
347,392.74047939192565,0.5393105869316774,403.7200695668579,157.90044899702366,0.08269336777911904,0.11775768799044409,0.3851748731360454,0.00047929054887974374,0.7222570624834064,113,22,7,0.037590465119568955,2.5278901820427646,0.0
348,401.17217408159604,0.5580300334299388,391.36538829636885,134.8489487738004,0.08305764553189969,0.11589148222747016,0.385750550489005,0.0005203501852477175,0.7371794949071165,108,15,5,0.04060524409053356,2.4623463453528003,-2.842170943040401e-14
349,397.49101621814197,0.5710993531068875,394.4500306354215,139.89799734553887,0.08390994472821393,0.1171960774517141,0.3849925530742832,0.0005280205742484967,0.7304606043739338,113,16,5,0.039648590521621216,2.4668850621357534,2.842170943040401e-14
350,396.27722876730377,0.5590000298040719,392.85075754523336,152.75903958036952,0.08207466998809056,0.11824194104362959,0.38397784171460536,0.0004386870431860737,0.7259067000094482,117,17,6,0.03213431766565971,2.355534540111303,0.0
351,391.399600005542,0.5551870977779457,383.10112772650405,155.60795000790637,0.08189824531104857,0.12003656179127734,0.3796380106639238,0.000444863164025711,0.7228074325497916,115,20,8,0.029883858782301802,6.739619929525195,0.0
352,383.4511840057155,0.531002014237477,383.6414472037764,152.62471901265923,0.08386200120658248,0.11439968549524686,0.37834733819547184,0.0005384807516634576,0.7056697628461355,111,15,6,0.03416976719044686,2.4512715549659996,0.0
353,384.93072284356344,0.5362102811729434,394.76409334830396,129.3453642896708,0.08230429659672385,0.11383901255995986,0.3801320471995825,0.0004323607927191845,0.7065950433224529,107,15,5,0.037420893815057144,2.476437588295967,0.0
354,390.13623073502475,0.5466294156029212,390.47509923441794,144.5575846035416,0.0824450618799587,0.11887707137100316,0.3808753949240557,0.00042920909303065285,0.7147715665211251,108,13,6,0.041086201225970134,2.4838138055151595,-2.842170943040401e-14
355,386.8163998224715,0.5491391571145907,407.1159320032856,146.18667568438278,0.08364594339884994,0.11897276743567652,0.37996954341320155,0.0005508768222508341,0.7111344848214144,106,20,7,0.034543162220679866,2.590354607142199,0.0
356,393.6868644906793,0.528621653505934,376.51582641620615,143.1007996728894,0.08556564139310689,0.12217787950139314,0.38027966258532864,0.0005844546947569029,0.7171461022572561,120,19,7,0.03943484958983904,2.389656397910796,0.0
357,381.7921364175188,0.5068611123025142,368.16022025764,140.43433093530763,0.08497460271346176,0.11915226523003104,0.3736809022631903,0.0005564536919284636,0.6941830459406458,117,19,8,0.05215770401137247,101.79966512557743,0.0
358,373.64271650917135,0.5408477259704338,347.9789821373366,117.53710575865317,0.08543410432447103,0.1177095493662794,0.3773621205096544,0.0006043891615958771,0.6770347875843475,119,12,5,0.05088925655564695,2.2641608764026624,0.0
359,370.5152921877019,0.5455627310288882,363.39814940135795,130.43307878013246,0.08563226998965948,0.12392155443989741,0.377410847310519,0.0006116756501955993,0.679018339331733,119,15,7,0.04450091532076395,2.9022748120061337,-2.842170943040401e-14
360,368.1574820195825,0.5320598922798327,388.97018948228845,139.51065207489194,0.08408959132685827,0.12019995113376374,0.37696340983920096,0.0005297813635079427,0.6782095749813551,109,15,5,0.03269540846583144,2.6478654311149437,0.0
361,384.6036393245449,0.5533753951107445,402.3997947377409,141.39042428189242,0.08326979387315712,0.12008749848500073,0.376087402751658,0.0005194243901067639,0.7078118144684927,113,15,5,0.033958095690135325,3.0945759589873894,2.842170943040401e-14
362,399.2900985271642,0.5544552394237215,383.7724881345088,146.7702480123884,0.0830557987342458,0.11720944101184262,0.37455965756376214,0.0004931020160663432,0.7380784442577043,98,18,4,0.037861011933358515,2.7937676275234016,0.0
363,382.79468773901135,0.5261579599722116,406.4563352360925,156.59202227663172,0.0851956096824609,0.11783389167495927,0.371323445359673,0.0005532737271615884,0.7016363472033683,113,20,5,0.04800520272806785,3.2370339798566703,2.842170943040401e-14
364,403.44648551592996,0.5269090867439503,389.5371400076556,144.29683581181243,0.08574355272456866,0.1119249130499099,0.37346987315583463,0.000602375071727494,0.7422147157399662,99,13,6,0.0444105316747639,2.180348152579049,2.842170943040401e-14
365,393.11793042814185,0.5715309394257282,371.3053023134345,148.3259911563322,0.08460260082525566,0.11306817342459391,0.3748870631339755,0.0005878250574804316,0.7266914053143497,113,17,6,0.036117647568083174,2.381688709638482,-2.842170943040401e-14
366,373.9456609425362,0.529451769193117,383.3813802343096,144.49315055686162,0.08247364833292481,0.11811731962605439,0.37556055172429215,0.0004852599430323071,0.6874038684166512,120,15,9,0.029522376614178735,2.585627315500856,-2.842170943040401e-14
367,384.21526455590123,0.5425027344938964,362.0781526935043,142.13035432688977,0.08294332097351995,0.12008078447823574,0.3756186744006395,0.000519231054171596,0.7051912052615165,110,17,5,0.030788672163094638,3.2797646449472575,2.842170943040401e-14
368,366.29466843471164,0.5392978466685008,383.8026375503976,137.67355064432206,0.08326745733206674,0.11937416563574116,0.3763930484282333,0.000510539793324114,0.6720075781621678,117,19,6,0.03373893923625639,2.6441451928291264,0.0
369,382.3575761066057,0.5532502334971585,419.52953474545114,143.20686118284343,0.08302084998709382,0.1263435617572925,0.37389886650043724,0.0004716307538841637,0.6982237405922088,92,17,7,0.03453299495825447,2.8216913913078696,0.0
370,401.2266428860497,0.547037166674821,436.32558989595964,111.44445512709754,0.08409250450068602,0.11635782732645057,0.37645827814706034,0.0005424446865148245,0.7384653911616993,101,11,3,0.04223872255828515,2.6978168513376515,2.842170943040401e-14
371,422.0264497683394,0.5480365925461901,408.753868366204,144.72963157245317,0.08617944208776672,0.12504571110765814,0.37358712360505936,0.0006303795043872029,0.7767275038458624,112,17,4,0.049527215833697416,3.052476673616526,0.0
372,404.9154043613026,0.5342910365511135,434.10396463398075,136.18085859898065,0.08381327866889748,0.11778710824232896,0.37743878270669134,0.0004961602076367934,0.7362476584762583,115,9,5,0.04403674487128298,2.302202842415234,2.842170943040401e-14
373,426.6093667939409,0.5430978184586299,443.67821281383794,166.2318545870212,0.08318343418364912,0.12063146013115243,0.37842967549044887,0.00045831133955349734,0.7841876958812481,113,15,6,0.03743707436571931,2.5652554738124658,0.0
374,434.0695083203441,0.5619464789275983,477.3743381589595,162.70738306195804,0.08175953081239726,0.11453303693950762,0.38143382725145475,0.00041711707573766435,0.8013357837462702,108,17,5,0.03170421905537815,2.371494453464687,0.0
375,448.8497672355048,0.5356119293357218,352.68630509642554,163.18322986516955,0.0835210957154832,0.12073867990524542,0.3846919729087521,0.00045964693792777676,0.8338835896612836,129,16,5,0.05026218242743566,2.8043199747546033,0.0
376,393.2732499782317,0.5386881551235212,400.31832997027743,142.89796278890338,0.08592206837764751,0.12917816081746508,0.3851823396724425,0.0006259282898870124,0.7187692527604674,119,16,4,0.047031088358440595,2.8587358156933793,-2.842170943040401e-14
377,394.85287767794273,0.5382814990593872,410.3837363535118,132.30286575629898,0.0863599690708511,0.12770031174363572,0.3817187213396282,0.0006096990827957709,0.7251962528679112,107,17,4,0.05524731848535342,4.289929901888454,0.0
378,401.20806410276424,0.5194200703680104,360.66595714024004,161.7435514811909,0.08611661283976266,0.12589945047823003,0.38237507582531555,0.0005890264379333445,0.7335902557064189,124,21,4,0.047513139606494524,2.7290403920696744,-2.842170943040401e-14
379,383.9665360197168,0.5240920922390506,369.5342827877953,149.1030945788269,0.08610431989119928,0.11747569681962193,0.3834910491847593,0.0006340611659791019,0.6957594167448449,126,15,4,0.0452279198822307,2.3509797656119082,2.842170943040401e-14
380,376.4937885364078,0.5253253488649108,380.36568743896396,146.73168469827687,0.08699779846141414,0.11526330774500755,0.38434880565685686,0.0006255728933127913,0.6867154052813718,116,17,4,0.049193531152968865,2.093837750748939,0.0
381,389.74456554190164,0.5165224842708604,402.7012234155328,153.4848986612795,0.08605209316661233,0.11924097791187649,0.3845776806906872,0.0006519383881190805,0.7146581958951431,117,20,4,0.043022706798425944,2.6160092751541333,-2.842170943040401e-14
382,399.58391385826104,0.5298527390795342,401.47448410334994,133.219587095774,0.08450340118954787,0.12005449117689176,0.3852136894430422,0.0005983128959546655,0.7339877303473188,129,16,5,0.038720636437824994,5.8033080507042225,0.0
383,409.171592369284,0.540816024994097,432.57032103334507,143.25891645192567,0.08027701270431783,0.11879816081861878,0.3861724548183926,0.000396084647006748,0.7544619302936314,94,15,6,0.03253414658804208,2.6562837127098775,0.0
384,409.11060844711443,0.5385722358292111,406.79693336939573,174.18521923322547,0.08419096441996823,0.12200975552066971,0.3834275619860441,0.0005512627182103453,0.7551726829076058,127,23,6,0.03573421932426373,3.480106805798096,-2.842170943040401e-14
385,413.4612628030224,0.5455033133570499,467.27616090455206,146.4812529940501,0.08205315619526427,0.1177928385550657,0.380916439447742,0.0004605512074157927,0.7604779639291485,110,11,3,0.03365518540603542,5.966543816470092,-2.842170943040401e-14
386,442.675035160601,0.5422307865218416,501.5099428828156,165.33796408340675,0.08307211860655471,0.10999773192146135,0.38243918867752064,0.0005450176305030942,0.8231249514696796,102,13,3,0.034423072732680665,2.3497109814705928,2.842170943040401e-14
387,469.5916741033383,0.5464538164542532,498.0813462874148,191.83228056796625,0.08381923966225005,0.11768543417274313,0.3827585479429341,0.0005933932704138188,0.878248568496125,112,15,4,0.031367508948951614,2.935080263611758,2.842170943040401e-14
388,469.70758483800506,0.5379469812467677,440.9717000173812,187.13785167088207,0.08521029944593436,0.11785821363693307,0.38045438296612344,0.0006167429753806073,0.8809807662633571,107,14,4,0.03225691420463476,3.3295217571622326,-2.842170943040401e-14
389,458.12577300656676,0.5403585666206465,476.08722083834306,178.58485400036955,0.08480090335489184,0.11428235918940777,0.38175816559837705,0.0005415288205458037,0.8556320338309024,118,15,4,0.04392584617948707,2.8235173452362954,2.842170943040401e-14
390,467.0293426728311,0.5388451208107585,523.6401962567062,166.1199646808041,0.08327093200307567,0.12118064392229004,0.3816931750670044,0.0005152902415213113,0.8704629676071086,116,11,4,0.037882759989554086,3.1322054558099035,-2.842170943040401e-14
391,496.25902994740704,0.5594750099142869,519.5238868879186,180.18353040895494,0.08384868259420929,0.11998156376657926,0.38131342927584366,0.000498601488794081,0.9312203574760288,91,13,4,0.043863630772585094,3.282739769781364,2.842170943040401e-14
392,492.8307153615076,0.530227865060784,487.4737739708655,174.66981969479738,0.08479117383707013,0.11334125312791227,0.38371029457209316,0.000583533278809714,0.9282747947098599,95,13,4,0.04738189683876298,3.07910349755724,0.0
393,473.1998707136099,0.5111157057186737,464.74647375191387,173.0817694876979,0.08580166587327079,0.11957735404525885,0.3824592529217022,0.0005737647234540066,0.8836142861107412,109,16,5,0.04522501398399839,3.3097709469027046,-2.842170943040401e-14
394,470.1548171058668,0.5562283212188475,469.55451921276006,152.8089800690203,0.08367837663943006,0.11753107625028279,0.38207091171519,0.00056912393306569,0.8798986749277428,93,11,5,0.03273522409151404,3.29151324162526,0.0
395,454.13816156414407,0.5524287121053153,495.9059660765682,171.99762239254895,0.08438840366991257,0.11737209808180597,0.3834217658657822,0.0005492623250443302,0.8512944957215759,104,13,5,0.034436131392704294,3.0397017155920603,2.842170943040401e-14
396,477.3790424863704,0.5837017915275546,490.2447912409662,185.1661413770516,0.08274383829223192,0.12036644063347264,0.3826894145770647,0.0005474720945582664,0.8949522576266027,115,13,4,0.03304990131307482,4.092407652253367,-5.684341886080802e-14
397,481.22161554455886,0.5841577960667963,474.2124148158199,200.1001097206731,0.0812438932985466,0.11591485662159709,0.3802258750036012,0.0003373452838406854,0.9010942215917369,101,15,6,0.03423481013924637,3.4613785845904084,0.0
398,464.79278566070616,0.5505612793399576,455.77675036752134,200.70339004880267,0.08170476218026013,0.11328277532452954,0.37921932491492727,0.00043371193387409934,0.865442995301988,122,15,5,0.03400301230741742,2.5457642966679743,0.0
399,456.7848273866856,0.5399212758951397,510.0416503415772,176.74979623876771,0.08389758396769463,0.10871604213609506,0.3856090179929605,0.0005604477714539753,0.8490868687926768,116,11,5,0.03057585534317196,2.3483601209398612,0.0
400,483.24384060326713,0.556723683410381,472.01331239702665,200.2346778156904,0.08330865303544958,0.11878006220044991,0.38453736879612166,0.0005417426309167364,0.9072944485961992,104,15,3,0.03504471912757551,2.8698786987346887,0.0
401,463.53681853970613,0.54607228701241,389.56086574733956,196.4328345027854,0.08478101871801352,0.11682887313836372,0.3826834525441195,0.0005866005041095019,0.8668887396784823,115,16,6,0.03829863337577857,3.1029805910016206,-5.684341886080802e-14
402,429.74886269338833,0.5248778773605984,410.7430064937846,186.61590674835625,0.08371662893622824,0.11195137431749938,0.38077880035451406,0.0005342261789725575,0.8013897077465074,108,14,7,0.03198451826577637,2.6444349353677654,0.0
403,420.6281605873854,0.5495525531397469,450.90267705946815,171.60002156938265,0.08401857975250308,0.11494255725298717,0.3794197749637663,0.000517491721989604,0.7771046836321537,105,16,3,0.046590043231287195,2.588881432585134,0.0
404,434.6820360727826,0.5560323973161592,454.57007252225674,161.56702361155334,0.0834222485702646,0.11280472894419324,0.37860892450162914,0.00048286370627647805,0.8053387890096877,101,15,4,0.03799159290555969,2.536403724909976,0.0
405,442.005764421648,0.5379290615567561,450.9508245349027,160.5916517151984,0.0859577986404506,0.11406247497097927,0.3822449497173425,0.0006493876706259006,0.8179180161641982,118,12,4,0.03673244696960808,2.5406278790169243,2.842170943040401e-14
406,442.17758402479933,0.5483021677751501,429.90910456939764,163.470822866049,0.08357621498837145,0.12112179434023514,0.3833005594448797,0.0005256883011130647,0.8184046978953118,112,17,6,0.03370798484635869,2.9126242978132053,0.0
407,433.0046124347807,0.5569341985671771,396.7826869037788,151.20463927068133,0.08292933287387641,0.11672605420616182,0.38127273203876144,0.0005217275848173119,0.8037231267867528,107,14,5,0.035558807178281686,3.3673768940709032,0.0
408,399.1047161182506,0.5245257912687117,415.8671431363873,149.18287005891105,0.08276845360370214,0.11711256356964019,0.38024323063108534,0.0005075693071479361,0.7344730225276276,117,16,5,0.02654961872375706,2.368529973197738,0.0
409,405.5350398505617,0.5357002053914293,443.25644658633746,131.310408457829,0.08464943027523068,0.11524293668435762,0.3792968738885164,0.0005541264730831712,0.7474865904569492,94,14,4,0.038390625214014124,2.796179454621266,0.0
410,420.0368809081243,0.5507939462873918,461.6660333513612,158.57403719053553,0.08427271370669563,0.11705787166980527,0.38097760457331153,0.0005379601476716893,0.7721831805471174,119,15,6,0.04487263237683407,2.542068931897159,0.0
411,434.00328596754525,0.5485139750320829,427.12589450451696,163.88343582147033,0.08752044061742685,0.11733531585372464,0.37951209586516743,0.0007019675006236181,0.8036588387482696,109,17,6,0.05498688324895389,2.63825633538085,2.842170943040401e-14
412,434.86499011234855,0.5480706281682528,401.6310206244555,159.87483564222646,0.08397351522342145,0.11785282276573202,0.380413253148921,0.0005318641730719453,0.8045319899189345,113,13,7,0.04310114530941942,2.5867181228107965,-2.842170943040401e-14
413,413.8569404550991,0.4945346568951855,417.2237971169915,161.9168074666022,0.08575366378027897,0.11703650574524926,0.3808393433494,0.0005896481925921537,0.7613811066633838,124,14,5,0.03937627989955692,2.3579558394856392,0.0
414,420.05324327845756,0.5255272201157201,367.11128746986486,171.3527697512363,0.08599389072255963,0.11655761347213274,0.37763899025736747,0.000647854574103044,0.7766134080438722,108,15,6,0.037780005492419985,3.0225200387707862,2.842170943040401e-14
415,391.7972531650458,0.5085588353800137,422.11533016378144,125.13302250012734,0.08537825273540174,0.11763935249032585,0.3791008110112572,0.0005736028366972652,0.715798548085022,108,13,4,0.043516216503604696,2.2686996644610615,-2.842170943040401e-14
416,413.2189078997365,0.5412792707633297,429.88617050206653,162.73017565975442,0.0841109854128772,0.12111848157313337,0.3778800345670752,0.000481976681159808,0.7586020311832463,118,15,6,0.040550059172382975,2.7084428082049463,2.842170943040401e-14
417,421.58461534220567,0.5449842016606743,435.85398414494426,158.29073822064038,0.08405398427827558,0.11538349790832396,0.37856777057741786,0.0005263950683296612,0.7806177277466587,116,16,4,0.05190466356741878,4.215647659582663,0.0
418,430.8987417383625,0.5594153245655019,442.6071445840084,140.05191012943914,0.08346830644568655,0.12210496151179896,0.37808491728816884,0.0005232540977733643,0.7934595002281214,95,15,4,0.031534852837218894,2.7644738370429724,0.0
419,428.0001951996967,0.5221270529987343,428.9854856318875,128.46786561459476,0.0835925989702532,0.12306378258880042,0.3821407422774633,0.0005030912431155676,0.7874858561516458,111,13,7,0.03030602947157674,3.4019483530807557,0.0
420,429.0580514552363,0.5314042239002299,449.70973319552485,155.51639490212074,0.08437622464875913,0.12123508044152118,0.3828954817284714,0.0005592150615313214,0.7957385626740782,119,17,5,0.04003194285000077,4.545517113482909,0.0
421,446.14322134399856,0.5523706680027576,454.0695479862465,171.48748561068007,0.08188226725037348,0.125195531933012,0.37909880717598304,0.00045023949990699797,0.8316620317081375,106,19,5,0.027738124545349616,3.1817750363793023,-2.842170943040401e-14
422,438.8575169551082,0.5560574247665859,423.7338251872805,152.54164920816788,0.08464955761659004,0.11536403949730215,0.38039288730539117,0.000552734349930415,0.8170499402640816,105,13,6,0.03476641772422803,2.6239673590493067,-2.842170943040401e-14
423,426.1608863918617,0.538772125483147,461.0412298570051,166.72632130164942,0.0839646217239025,0.12224477596673126,0.380971676340023,0.0005256325335851761,0.7897516169959368,129,18,5,0.038463508992640706,3.203934640737812,2.842170943040401e-14
424,449.3144699069618,0.5457540624013568,470.2941552230979,156.9084052475111,0.08110049759544123,0.13236055822726336,0.37734456055885357,0.0003652270046488435,0.8306897712263025,110,17,3,0.032043833149967234,3.8409235302669864,0.0
425,444.6525374806861,0.5564990073603724,482.3781610132014,175.16875265797233,0.0838854009442391,0.122733767951485,0.3756922116531218,0.0005167642740045455,0.8208794166169656,117,21,4,0.033172499096933865,3.5497643636864376,0.0
426,447.56870448035943,0.5196206827717351,493.1187634531101,154.3677278775087,0.08522582909550362,0.12263704251630562,0.37353618466258004,0.0005620175069085343,0.8240034485882552,120,12,5,0.0373783629445096,7.332702538086997,0.0
427,465.54997436670544,0.5483975316230468,491.60881438183134,161.48438974078147,0.0834450268016709,0.12390437855033191,0.37264051404439724,0.0004677870056324286,0.8643079137647987,111,16,7,0.039687044385184236,4.422767523886665,-2.842170943040401e-14
428,475.25043965177645,0.5369703176273611,528.9771551154718,173.89293517231422,0.08429429885272387,0.12280840274409549,0.3707507641997557,0.0005855688277381201,0.8803420896695678,104,16,6,0.03954768725918644,2.9833632982506106,0.0
429,495.0962053047456,0.5518226675287023,462.75601118506944,174.96696528822696,0.08506338756594486,0.11759614562050894,0.3686032875290354,0.0005636520048135183,0.919396738875414,102,16,6,0.03926665133430671,2.8806683923235825,2.842170943040401e-14
430,472.6091751061197,0.5281983637023722,480.3726916759766,173.56197838574695,0.08517142837919928,0.11847505331419157,0.3728560930209668,0.0005478700821105602,0.8701128749097736,112,13,4,0.04516674108474253,2.3622806780115524,2.842170943040401e-14
431,478.33260604724387,0.5395265516250616,463.44252991470773,164.84323772799416,0.08559333908564966,0.12114607258299115,0.37309372016635983,0.0005552364603323423,0.882530749640863,98,15,5,0.041702648272657995,2.873728922245087,-2.842170943040401e-14
432,454.00095508729095,0.4979567764797078,389.97816066003764,176.44027713693097,0.08458944595395211,0.1198438849912798,0.37418664247363925,0.0005246325380416114,0.8367149860043103,104,16,7,0.041479715167461906,2.688719123023229,2.842170943040401e-14
433,428.83267636693205,0.5313522689135721,377.8042455882928,142.67166861018734,0.08396289931546853,0.11950218297646305,0.37665295177484365,0.0005767645617405817,0.7815266757820823,100,12,5,0.03218423093341902,2.318559588541464,2.842170943040401e-14
434,401.07447261328775,0.5292655887702723,391.6902242996062,145.74264766026903,0.08469625836582222,0.12316483956734044,0.37654289962063053,0.0005406708061710619,0.7322963735632338,124,19,4,0.03435443967385264,2.8002758134593506,2.842170943040401e-14
435,402.8528397016397,0.5460110698878144,351.08655687311784,150.66630215018137,0.08335831680284328,0.12168884305282464,0.380700679420852,0.0005008733460581053,0.7403898684747979,128,14,3,0.03275539704253285,2.7709810108587645,5.684341886080802e-14
436,372.60456636409634,0.5518925786086044,344.37538364278817,141.66125498198443,0.08303558116875663,0.12444920972782023,0.3761970134931746,0.0004279151159008401,0.6821468683606211,110,17,4,0.036445033742011274,2.7418812836644557,2.842170943040401e-14
437,364.86259436754193,0.5656142854547015,334.8174232173625,147.17305108057613,0.0854996246084408,0.11933991090738136,0.3774555647710828,0.0005453952344558729,0.6607748861894646,115,15,5,0.04594871170778961,2.1321922757443135,-2.842170943040401e-14
438,347.8944040235725,0.5314941957179498,347.14640255424825,142.27452950538571,0.08429827949714384,0.12061216959044262,0.3771142886459655,0.000575918896096209,0.624915377392041,111,17,5,0.03681956759284143,2.4069433457534077,0.0
439,354.68223566424336,0.543601339380436,353.0135994945165,135.0137202413606,0.08611985749764756,0.1134128696482914,0.3769554680786965,0.0006062561926606566,0.6391685518905572,106,14,4,0.04549756929197494,1.918920183304977,0.0
440,356.89504981573475,0.527565047337154,376.56980714273107,130.93573621785382,0.08602578485335269,0.11241788956588292,0.3781495925749913,0.0006305712693219222,0.6449683930569199,114,12,4,0.044944297903522556,2.131637658042041,-2.842170943040401e-14
441,378.4351848141664,0.5607189202200669,387.13820511898115,132.2224416480288,0.08561585005068302,0.1185433943018108,0.3862048399281164,0.000588878126061931,0.6833791786842576,126,14,5,0.04933952186385439,2.2662987141513122,0.0
442,397.47362444907606,0.5739500651559,396.9585542887428,143.33769606024845,0.08105162630995554,0.13011238201292477,0.38017739119401844,0.0004279166169028699,0.7226734547130186,123,20,5,0.024480126230045827,4.961001080933017,-2.842170943040401e-14
443,403.0740535252475,0.592021269619255,421.6645360097542,131.95313368710057,0.08216359652904398,0.1183876739633599,0.38059691492661896,0.00043880261031678037,0.7324354938970808,98,14,5,0.024904886244449736,2.2436802638517293,0.0
444,410.42374985720176,0.5690869402551946,438.37107731227275,126.3256624219988,0.08244255085463291,0.1200282962174921,0.3816018381720643,0.0004431090048941877,0.7460257957177436,90,12,3,0.02809814434127472,2.4907167379103674,0.0
445,424.9738134676147,0.5942781296712989,442.3834913650239,128.45397479463634,0.08274471046672292,0.119492073823289,0.3841228755158504,0.0004015879706911226,0.7782567807498831,111,11,5,0.03081859754218177,2.4522824295223566,0.0
446,437.0654557622131,0.587410006178158,420.1757902504457,148.56604685136682,0.08164128773808799,0.12377226021997667,0.3837652054612233,0.00038744432449221253,0.8085532115601902,109,17,6,0.02608986062927816,3.633652978761303,0.0
447,415.2746917114649,0.5407615868462292,422.76015485868004,132.0916551175161,0.08266169048910084,0.1281299591298249,0.38211654561975733,0.00045183663364391,0.7604271761907645,108,17,4,0.03157848820417596,3.0372404932645973,0.0
448,409.6634149410478,0.534742897377136,410.23565024598844,153.26921903600964,0.08361043976254674,0.12312635967328388,0.3824484422029426,0.0005255938409040622,0.7471122962034684,111,17,5,0.029713662080036223,2.722034179325843,0.0
449,407.39473466796017,0.5546139290820975,415.189148209683,141.39877559390322,0.08494306887970957,0.11837245928790731,0.3856155495798698,0.0005946501194740236,0.7448167006328156,107,19,6,0.03945417053011377,2.402578371392894,2.842170943040401e-14
450,411.0920231417561,0.5623580013583942,411.1929614977993,159.03987874279395,0.08311687935563442,0.12149803465935238,0.3877593913129239,0.00045902368271315524,0.753626859393742,122,19,6,0.04054143473192445,2.570618717731803,-2.842170943040401e-14
451,414.7186990402598,0.5405079984971541,424.06397655728915,168.04731065606705,0.08413350452588315,0.11825986423978141,0.38726032897419016,0.0005593778258519288,0.7639443766778622,126,22,6,0.03593615044304298,2.6772140228635832,2.842170943040401e-14
452,421.5627393549976,0.5295142029529989,438.9825859424732,158.00279679772655,0.08369206514259579,0.11605482315619083,0.38597828480771157,0.0005682170940898093,0.7761398583579134,110,21,4,0.025568051211878953,2.5322697323050782,-2.842170943040401e-14
453,430.33012296491125,0.5349522348277974,421.22045258373953,130.56860174123176,0.08363754061584473,0.11696846202220726,0.38888966720953533,0.0004912315185594728,0.7908390245898053,107,13,5,0.029252275372017963,2.461864246394177,-2.842170943040401e-14
454,415.11320802922694,0.5043021210973113,434.01530612792396,123.04942688525055,0.08627283861709102,0.11964697525904419,0.3906072035007418,0.0006267013772978603,0.7664944160815228,111,13,7,0.05014125848967352,2.8355051947033183,2.842170943040401e-14
455,433.6220580141833,0.5489079519954773,399.9843635170831,159.50252918629343,0.08278998830831047,0.12507313182744872,0.3906833233715694,0.0005139048111943667,0.8048575287889106,130,21,5,0.03080205892016735,3.268587377784851,0.0
456,419.4863253699599,0.5708413385240356,420.8627167374444,147.39914646137964,0.08131084165403868,0.1253053277205355,0.3875100898476538,0.00044184719422873497,0.7728165383301642,113,15,4,0.025349521361799594,4.147734275963876,0.0
457,419.2656386684605,0.5613941772989035,395.1894294407104,146.58517251921768,0.08143514334012449,0.1242328681251735,0.3887171431585443,0.00040004190279882725,0.7716706393588237,122,17,4,0.02744051980901986,4.239658704922514,0.0
458,399.7553247175703,0.5543193826785473,422.23635632669163,147.63311026993296,0.08379257628181391,0.12838208942177523,0.3875033486196228,0.0004240221051653487,0.7283344737726798,112,18,6,0.03519239531085696,2.646778418087587,0.0
459,416.04338750402616,0.5484398990810613,407.23796948288714,141.50672936359348,0.08134926551132722,0.1272132627234647,0.3874042334371391,0.000402201703094748,0.7580104240302166,116,14,4,0.0284277138999594,2.9856202381692882,2.842170943040401e-14
460,403.47277509555215,0.5391694097271822,425.63192732177686,138.34879600616603,0.08629740082203287,0.11587156079909738,0.38826294598869104,0.0006423826770356403,0.7409820280266519,111,12,3,0.04476662524476409,2.359064434408236,0.0
461,419.96758253888675,0.5330825514617077,434.2667753632277,151.2613942836622,0.08381290908652607,0.12223492837842964,0.38514564384105354,0.0005315994189474146,0.7748976726850021,103,18,3,0.03917027957007985,5.991861588092295,0.0
462,416.95326203125035,0.5438144736654171,410.54513618935687,169.13128216380753,0.08595123259406344,0.11764235498169016,0.3839382654339185,0.0005603192585585312,0.7705150771370407,108,18,8,0.05234261342352387,2.9450573798688784,-2.842170943040401e-14
463,415.1628472201852,0.5460469627911555,440.08814447189167,146.70394134383133,0.08634125608121329,0.11987280781173346,0.3815751039123612,0.0006532826345828738,0.7623306090243602,114,13,5,0.05148275709005382,2.6476610093312494,-2.842170943040401e-14
464,429.09336912688354,0.516700125273011,379.9854552033297,161.2541263943887,0.08521356666016297,0.11676755294469593,0.380601372614634,0.0006340530149661479,0.7891441969347324,115,16,6,0.03943401795140734,3.4854621542615507,0.0
465,392.3242456309242,0.5211194910994466,416.1267568781065,156.4796274432606,0.08524705004102734,0.11574006102872064,0.38040315691728926,0.000599301859646254,0.7135504799407473,113,16,6,0.040628589501607526,2.1205172586646794,0.0
466,410.81972537043373,0.5214921834283379,400.45355905014515,165.6197888689028,0.08416469769076185,0.11817866945877696,0.3817043596195206,0.0005432066946167233,0.7558201132696105,115,17,8,0.05050006371068463,2.6093412029641527,2.842170943040401e-14
467,410.84917656279015,0.5636615413779796,375.01055950574226,167.17501293239187,0.08257900692764795,0.12350703558295863,0.3813948249116493,0.0004658252642725669,0.7512906613039385,119,21,8,0.036705073579281065,2.605444518965679,2.842170943040401e-14
468,386.4574230718043,0.5427935788309113,388.91071674635253,167.55002570761562,0.08327860420168601,0.1194933125525853,0.3740985733002062,0.0005133928072090238,0.7060230764711058,128,22,11,0.03148369933981058,5.589550823307582,2.842170943040401e-14
469,392.77924958419646,0.5267197695702928,381.3607747020324,141.70035585019528,0.08325693777445943,0.11394757707631799,0.37625097817863207,0.0005420390514741511,0.7154507825164497,120,15,5,0.03219594905279903,2.4878044577494753,2.842170943040401e-14
470,391.3866688236298,0.5374215710939764,368.60651446373413,119.84928115069633,0.08300426771034347,0.12329289263712798,0.3765494855969361,0.0005199196545716385,0.7209392432567759,111,12,4,0.033900182121797004,3.2053862397871926,0.0
471,376.3089963004127,0.5552943439708525,383.7882932838562,130.70219977290668,0.08417286662744237,0.12834506374531401,0.37527840894481806,0.0005496161080918523,0.6861090897826772,117,18,6,0.031631680196663015,2.7741377250154757,0.0
472,385.40847754185165,0.5275036267511359,412.9156613999687,131.01719983881324,0.08085695728448392,0.11899003035735156,0.3768468298684143,0.0003442798319129069,0.7058435272178287,101,14,6,0.029350743265168285,2.353982349077759,0.0
473,401.92108311061725,0.5459362615849646,416.7789167919816,137.97835981723173,0.08348432352390497,0.12363249593705067,0.37611765972127315,0.0005213764240790958,0.740529128254491,108,15,5,0.037155898011492015,3.043253736506626,-2.842170943040401e-14
474,405.6018320274925,0.5292891510227249,399.1219222770059,151.84991026480708,0.08306735297252568,0.1219408157570539,0.37599288903050626,0.0004736794392687176,0.74519332356486,110,18,5,0.032442349851400744,3.0238616052339125,0.0
475,403.78015198366234,0.5674682983624824,422.2197719442073,170.42210642076236,0.08574833352609013,0.12290565807736296,0.3748682086126855,0.0005777485180691313,0.7396004100732475,111,21,5,0.04343790887744175,3.265324366213461,0.0
476,410.32366689268963,0.5515639830701404,381.76782649829045,167.3165876394632,0.086666308451621,0.12095013871554468,0.3724278640383184,0.0006150658633569128,0.7501839543091243,125,18,8,0.04572092726217383,3.6212981537361566,0.0
477,392.7930861200682,0.53016403076707,386.70737386765927,151.11026319873335,0.08362646536932931,0.1180724617962195,0.37250282431377074,0.0005566382234273716,0.7146547927135586,118,17,6,0.03659924630159494,2.2401384172142222,0.0
478,398.748531389346,0.5623241835002193,393.8796208317467,141.1097045672645,0.08423670898206508,0.11993096261751753,0.3715604135650882,0.0005421320891282332,0.733724785256474,107,15,5,0.032245186479950456,2.8879946305813644,0.0
479,389.68565034521777,0.5377251095193964,373.36079311122114,149.73364020171704,0.08381022548645005,0.12638471676693688,0.36705121263987756,0.0005141751463842547,0.7124262171117145,109,17,5,0.03350615769942006,4.12196878560327,0.0
480,384.12462791545215,0.53373990324468,398.7799546148591,161.7231999355526,0.08412994942535655,0.11575268461635392,0.36511706120645054,0.0005271746612150383,0.6987583783398675,119,19,7,0.03656120749678728,2.220409028794842,-2.842170943040401e-14
481,396.17739379256824,0.5490642328994886,369.9158218286738,174.93328253517134,0.08417488024643148,0.1138897813241802,0.366288737194245,0.0005560637469783366,0.7246408126523735,135,20,7,0.03656469907903541,2.280754189363146,-2.842170943040401e-14
482,387.2424521980922,0.5414054426801601,389.7138041934185,132.56046066775625,0.08418332040935556,0.11322299863069554,0.36990709875975947,0.000496467871495578,0.7072614916919241,111,13,7,0.04049969570955278,2.0362179521926267,-2.842170943040401e-14
483,394.4936585498063,0.5414255755911116,387.9956350551313,158.92264521252145,0.08342143811601398,0.11911198952906837,0.3677266741488538,0.0005284405441759493,0.730646277052239,121,18,6,0.036576046761492446,2.8176930394773683,2.842170943040401e-14
484,389.67191568526994,0.5068361458635653,390.4801111350439,159.77042661260936,0.0852308814965389,0.11677140709891413,0.3673478002017062,0.000578995700897616,0.7144688369351712,115,16,5,0.04466299134946493,2.4681049621436966,0.0
485,393.504937812436,0.5334929855432251,429.48582591967556,114.08620924740248,0.0841850630843966,0.11229733689827157,0.36869425718142534,0.000596763495141432,0.7213381659092479,88,10,4,0.03071219989561633,2.326675097540032,-2.842170943040401e-14
486,412.1588798603582,0.5302677647145814,426.07576588403543,161.00782489978496,0.08396868761830922,0.12113118858924961,0.36973455920146725,0.0005323807800646478,0.7545281721107678,128,17,7,0.03546998582365797,2.5862998905800643,0.0
487,430.96076690104115,0.5396758710390569,416.72388524254967,141.1484297385994,0.08281855911128827,0.11983399255884067,0.373969346659935,0.0004818513552043611,0.7962706073048853,92,13,7,0.03649851826960798,2.7683801642841606,-2.842170943040401e-14
488,406.53113091642416,0.5303701392113259,415.16006973786693,137.34340715493803,0.08343992956240937,0.11691257453319986,0.374673376868991,0.0005461447557267627,0.7447922217167232,100,10,5,0.03819822247423676,2.326494928267888,-2.842170943040401e-14
489,405.03068036464265,0.5292670473833323,396.58030809564013,159.38793780223133,0.08620122776142852,0.11845419954051611,0.3757787888653719,0.0006088839744677567,0.7433936638791266,115,15,4,0.05219609577040669,2.5076611799557367,0.0
490,398.97366598527833,0.5604380996827598,417.37838202226357,153.88831008807537,0.0853272901961418,0.11753130778068328,0.37615036579197486,0.0005505681489257657,0.7344375069770575,115,17,5,0.055476906027273384,2.797441217029749,0.0
491,414.28819680678293,0.5324048442288818,420.40819298879376,145.54109756694723,0.08458115776277987,0.11889071336583697,0.37512954947594185,0.0005478029357925606,0.7596908502852237,112,16,3,0.03657212751637785,2.5023176953480033,0.0
492,415.9309726494314,0.5339304450923326,438.23596364350504,169.5860186499434,0.08514044227439208,0.11933812477534105,0.3752308232629388,0.0005281088329476602,0.7583896680545433,138,17,3,0.0371318015465924,2.504081011647356,-2.842170943040401e-14
493,443.261267678544,0.5823368677446201,450.8750410863504,162.1195919393504,0.08264400914116672,0.11956437242533668,0.37573909342138206,0.00044068555573943175,0.8153216047050102,109,15,4,0.02866965733106688,2.580552127964609,2.842170943040401e-14
494,438.860804868155,0.5596257851544837,435.26155928134483,175.56623154453138,0.0820332674600848,0.11999399908908623,0.37553389902926876,0.00044949620830397636,0.808203481103305,106,16,5,0.02473238596192082,2.5613520412875035,0.0
495,437.0391248837825,0.5637705608010022,409.79859983014217,148.96460542663982,0.08205343470522368,0.11757748547691457,0.3778732205836953,0.00043884081912167974,0.8083230900658546,115,13,5,0.028563665153341373,2.9043162356878756,2.842170943040401e-14
496,417.1715716825645,0.5458123487813182,409.9610645978853,154.31463451708217,0.08301070854626379,0.12102220679307138,0.38008960129435115,0.0005184500118254414,0.7711799667361078,114,17,5,0.030232520334646885,2.6708225530218805,0.0
497,405.74948273179024,0.5589358919617479,419.5794902838979,147.24342925500838,0.08509054868718961,0.11924891601103435,0.38040009148591547,0.0006067311730075626,0.7477838140361671,104,13,4,0.03515977319716788,2.6325572639484776,5.684341886080802e-14
498,408.4522399115199,0.5473162016432225,407.32693655810215,170.27830866509083,0.08261575699213171,0.11373216831687093,0.3807814778645657,0.0004449743462312267,0.758527199056381,114,17,8,0.03389829031984728,2.4644368586591,0.0
499,408.55057263769004,0.5240693240580065,378.58438290366075,159.1259053133352,0.08531199612616198,0.11589445061595342,0.3863855614740189,0.0006131109703743109,0.7564803998261229,115,12,5,0.03520666726759258,2.5427361928493846,2.842170943040401e-14
500,385.07067081897844,0.5290618678192577,402.6634567040644,151.07464601391177,0.08555476712522028,0.11750177199061468,0.3856530328557366,0.0006416758599615982,0.7191021768563168,109,17,7,0.03791894878088407,2.900577449632499,0.0
501,401.2412663434501,0.5298275270066373,413.5746514937991,165.59895451054865,0.08347152566502827,0.1153122959554604,0.38657531828850844,0.000573678564507494,0.7477545515569923,110,16,4,0.03354811958815895,2.6419334973171313,0.0
502,408.57646042296807,0.542552417710576,385.18105218158314,173.23480718816984,0.08512049838628323,0.11361665439215878,0.3879749311536984,0.0006624050964941928,0.7595520690696207,135,11,6,0.03195676761283594,2.678704198558385,0.0
503,399.68571583522646,0.5348530335596838,395.7751102630182,164.67011891184436,0.08406053570659447,0.11212648436963706,0.38632123468183194,0.0005864543802009574,0.7409863174290756,104,12,5,0.03384338273595777,3.4984830516857466,2.842170943040401e-14
504,400.4902732606322,0.5464380328327854,399.3275809938946,173.225265767317,0.08257805515006054,0.11343914910781791,0.38607205979466086,0.0004873161686811268,0.7426921409895292,108,18,6,0.02919915309635923,2.6057698299698115,0.0
505,396.55268078664227,0.5369264119781201,405.3256256153549,165.84818430298725,0.08259164323491615,0.11231744139462921,0.386184420351639,0.0004903852207011601,0.7351038262055692,107,17,5,0.0328217441700711,2.7024338061755806,2.842170943040401e-14
506,404.29221157993345,0.5650503395147193,416.13566100337346,162.28374588833287,0.08339837751973526,0.11164015520339647,0.3863288999768674,0.0004636801913249352,0.7531047477488247,119,13,6,0.03532945436004111,2.9703584933079092,0.0
507,411.336905611085,0.5452685089709701,414.46132260127916,175.88406624712988,0.08675587060100977,0.11021811786180305,0.38638329347972517,0.0006734393813877033,0.7659641795768457,112,17,7,0.047282595123821734,2.3438292577768727,0.0
508,411.3290974753354,0.5209200441956934,399.77700508465637,167.88860076710876,0.0856011170726895,0.11234655578165474,0.3853383084362127,0.0005733506630934586,0.7645541792958076,107,16,5,0.05202052989727038,2.358869127548614,0.0
509,398.97668000471833,0.5288717755634349,409.6873345731183,152.66780701501693,0.08495817557537987,0.11135083173063495,0.38802627736167616,0.0005699114940909445,0.7415797597593086,114,12,5,0.0435865770976358,2.504069776750349,0.0
510,395.89944841284455,0.5166841871502876,396.57623418699484,168.92289184126054,0.08691732234679887,0.11695443155754723,0.38601330519352633,0.0006493879458335805,0.7346208132066389,122,23,8,0.04744361108077223,3.39194254024222,0.0
511,390.52541512492695,0.5081749659363246,429.69436723793837,150.56015030457075,0.08536105506494392,0.11843678061643453,0.3827699849884059,0.0006010658883217883,0.7173921919172235,113,14,4,0.04569758652125468,2.744162409753652,-2.842170943040401e-14
512,408.8856748568386,0.5104201373880914,386.2910182953917,152.39489365399618,0.08424164446868194,0.1172094190573137,0.38753384503485183,0.0005834415373765795,0.7519789190612969,111,15,5,0.0325749056484373,2.673225944793503,2.842170943040401e-14
513,396.3908313966682,0.5067385008234513,437.9013132179948,146.7387621861427,0.08487469163722575,0.12109930369360496,0.38382357930961986,0.0006117921085842565,0.7302732500587387,105,16,4,0.03927737087704093,2.7117246837892117,0.0
514,417.76920757990604,0.5041997447254633,430.16442067115014,147.4611546220469,0.08496249001001145,0.11152457951813552,0.38530506769452255,0.0005677267063857499,0.771137621081943,105,14,5,0.04112626025049354,2.312889921215565,0.0
515,421.8813971625365,0.5111262217896826,390.15275388425937,146.3666011831769,0.08550226161865485,0.11331974557480375,0.388079806548142,0.0006053490173398646,0.7783789699507067,115,13,4,0.03891074509485889,2.2610394412011456,0.0
516,405.63400379719883,0.5192804783081183,427.7404502123519,168.47540808077062,0.08483441585539088,0.11440456191160678,0.3864423468384666,0.0006145773574697757,0.7525576796678956,115,16,4,0.03236313098071361,2.822197854222939,5.684341886080802e-14
517,409.9665155053775,0.5018335638452343,418.13274864388933,170.404383348093,0.0856304152162535,0.11011072782034372,0.3894793004221953,0.0006245285919262524,0.759126687322182,116,17,5,0.04339798680753675,2.174069859082897,0.0
518,432.9855584693297,0.5503947056682672,418.4040203233361,181.59389813936474,0.08330584873712549,0.11402331212016072,0.3901255089088438,0.0005104045487334979,0.8066499467986875,122,18,7,0.03802165132157274,2.78365705812815,0.0
519,438.20068002376354,0.5600259309611133,438.6955281323807,178.95055461012527,0.08424321044821548,0.11873461674876272,0.39051683015049,0.0005546754942136094,0.8199979149383252,118,22,7,0.04731446545535733,3.435385619054705,0.0
520,430.31880618234004,0.5147239827316846,476.89790704833774,155.80026115552096,0.08757926670755731,0.12161207977889436,0.39077142726961706,0.0007010500959424343,0.797399938216198,114,19,6,0.0466795536986557,2.9637835747039434,0.0
521,454.7968642017769,0.5357868927962308,453.9641382248044,161.8208849215841,0.08707115173189703,0.12251468571798675,0.3891088119395566,0.0006927505499380835,0.8512869515753273,101,16,5,0.0479699238454378,3.2589300540587915,0.0
522,447.0556118879366,0.5435048718093978,521.3931597729128,166.66906393281437,0.08557639508985772,0.1175264363556424,0.3905786349370255,0.0006208651484099204,0.8364462438860735,99,16,6,0.03370834188782612,3.1336036218030277,-2.842170943040401e-14
523,479.44453008368407,0.5405637853098608,425.4482246419414,206.42172841362483,0.08242345259607961,0.11805282667302604,0.3926815316573386,0.0004544420011121831,0.9043226323723447,126,18,6,0.03164699417248539,3.4006334159047786,0.0
524,448.33144776744973,0.5354912128036606,418.2291428944228,177.63113277831903,0.08670031448709853,0.12489284182969902,0.39002406856240157,0.0006804595387993348,0.8344838302921215,109,15,5,0.047778831013947226,4.006810001299951,0.0
525,430.85756860278025,0.5630741870516078,442.0553585069632,182.82513452630505,0.08545205356956168,0.11553835588899386,0.3880749608466409,0.0005569862048935737,0.8006691391531581,106,18,4,0.05220684733285861,2.6092989928801233,0.0
526,435.3569149966711,0.550161898282846,480.37844621762656,166.51913353637173,0.08462155908887337,0.11266687266823124,0.38527667482188627,0.0005513788208367924,0.8097908961492069,98,15,4,0.0438845244569139,2.8615852651116858,0.0
527,459.30095188239807,0.5672207235225211,501.6667438603605,177.52672027905294,0.08150115044311904,0.11355188981897142,0.3855173323153088,0.0004216532661775985,0.8566291491654271,107,16,5,0.029592906635986887,3.133130628989486,0.0
528,465.63418749321613,0.5571243764406709,485.4277972705894,165.55360954502646,0.08448670332440378,0.12249278398889123,0.38688301519348717,0.0005881686926101877,0.8662776724873548,99,14,5,0.035668049097991414,3.056141428983501,0.0
529,469.4889126452683,0.5591759179370555,444.693812179276,195.1788645011565,0.08473095396438515,0.1162316537469925,0.3882135447134955,0.0005583324453045073,0.8775132076835587,115,20,6,0.03664917624867131,2.8394498990643746,-2.842170943040401e-14
530,456.6496145868092,0.5292120112172082,478.35880394181737,177.5829791100939,0.08199837654902098,0.1212631087985375,0.3876854133507614,0.00041518990852212846,0.8439260106832828,116,16,5,0.035612556010466395,3.1563650248418114,0.0
531,464.77427672934766,0.5268510935582661,445.8896283837336,161.5194446842621,0.08275262669328488,0.11827049020170438,0.38972498947546724,0.00043015696690010697,0.8652222866091692,102,16,5,0.03251833082713749,3.0564891439066932,-2.842170943040401e-14
532,442.90684382256427,0.5544027455353153,401.70513639414855,174.68681284375913,0.08300894562907028,0.12107844117598915,0.38838159510744685,0.0004608172873487837,0.8218772427240324,114,17,6,0.03679344451371659,2.885085550231949,0.0
533,419.31119768620397,0.5400026427335538,386.10597380154286,183.2576341223833,0.08241180341279611,0.11303275055425503,0.38810428233893307,0.00046894845120666086,0.7758653030151693,122,18,8,0.03218311930952142,2.6010077715312483,-2.842170943040401e-14
534,395.2384019079522,0.48664852575178186,376.9942961906488,168.35128040289376,0.08404332163619752,0.11482920626723614,0.38558787049934096,0.0005458021287464391,0.7257102940191341,122,18,7,0.04120205378542788,2.572503640990717,2.842170943040401e-14
535,394.16679301954537,0.5375786868248593,397.8468092653363,156.99176349550936,0.08359173660622075,0.11219845692844305,0.3857355963338704,0.000533089698284465,0.7249557089717293,120,17,7,0.03850314866668349,2.9736255906290046,0.0
536,394.58551489435683,0.5312795712136235,384.8889973116054,148.51177673534121,0.08556258646910762,0.11582796297608783,0.3867933324625051,0.000586368387370485,0.7240072623526548,117,14,6,0.04740824067028767,2.5116383753090257,0.0
537,395.5654695705142,0.5580641755767056,420.0095436575151,163.40314683906604,0.08623028820734976,0.11732037498054876,0.38738646311371433,0.0006666645886748603,0.7307476183653748,109,19,7,0.03681828795839265,2.763663456277067,0.0
538,415.3072478372691,0.5658196153645764,437.9178857762816,124.28515510804729,0.08535465547309046,0.12431249321949922,0.3854416693858178,0.0005640729844854349,0.7668150317903799,92,15,6,0.04390592730620765,4.039453982601413,5.684341886080802e-14
539,432.0776178857176,0.5695155150871274,437.62878263674924,161.25385890330466,0.08313987530203983,0.12565246590672957,0.38513311894475644,0.0004939089631827899,0.7998311701110234,104,16,4,0.030156108484687565,3.305383523799347,0.0
540,428.66129613107967,0.5696001081203588,423.7682555682177,141.41530863677622,0.08327101232369143,0.12496941021109895,0.3840174455256291,0.0004825457094959453,0.7913029222301903,110,17,5,0.03329681271111175,8.685782189868222,0.0
541,420.718613652076,0.5439277771820245,425.7290358658978,169.3653053634771,0.08513934995446959,0.12941205340666045,0.378991783602802,0.0005676754339319552,0.7741729079788296,117,24,7,0.037663326272135506,6.363791841069875,0.0
542,421.4855127630515,0.5666797346777869,426.17512547699357,156.75702534422456,0.08354557957346521,0.12010190194769212,0.3803684432920669,0.0004913940292020318,0.7695401256801834,104,18,7,0.04465705845523037,2.3618290952354584,-2.842170943040401e-14
543,413.39248950882177,0.550540037904796,388.70395661156226,137.22525054093077,0.08500832832651062,0.11505770088063555,0.3828804530144662,0.000632130940160815,0.7551440817065475,117,12,7,0.04030329899327285,2.3802822549032543,-2.842170943040401e-14
544,396.5778050557232,0.5136108616085315,424.28885201449833,164.16462844508374,0.08620836334251365,0.1185601579497262,0.3806701454776431,0.0006567668539913636,0.7310229366644553,111,24,7,0.04259620544771339,2.7390905070517193,-2.842170943040401e-14
545,407.596171287706,0.4968665714900544,390.00310867257303,116.64573504811221,0.08661255905271754,0.11410479691579258,0.3821601695118366,0.0006238598158463111,0.7505514963547288,114,13,4,0.05948838905214552,2.5558283643987507,2.842170943040401e-14
546,399.9472385318089,0.5240293741345494,412.20019651257377,122.36123440117463,0.08395024261607908,0.12181283466007883,0.38197512456239213,0.0005455755068593049,0.7360863920610018,98,13,7,0.030957796911963997,2.856651086962119,0.0
547,398.48936938179145,0.5275147431246372,412.6911450567179,174.5954554514707,0.08430882258864505,0.12038885004369912,0.3792717597963276,0.0005273243755018537,0.7315454141407347,129,25,7,0.03899302302350289,2.8095709422387647,0.0
548,409.937110054731,0.5288543360108418,387.4361801245203,167.04190888260672,0.08405213256940122,0.11810053780011005,0.3807584753769828,0.0005504254572615326,0.7475543561701281,117,17,6,0.034264319891387285,2.4003944690576198,2.842170943040401e-14
549,400.41004168784457,0.5446755040487942,408.5036644370164,127.24724353723657,0.08250067011652665,0.11155001812142608,0.38230118441950073,0.0004714835751092703,0.7289813314826307,95,11,6,0.028762483376825895,2.241899875184061,0.0
550,393.33609984983536,0.5285180752746292,375.9881590497953,135.38878907783845,0.08517177137549138,0.1256106812978295,0.3811822595984355,0.0006046617277601114,0.7173952259316668,128,15,7,0.04207340750221481,3.424880579478595,0.0
551,388.47127282261494,0.5207697932632289,441.78648870347206,134.76543405359982,0.08434714655478896,0.12793195860092424,0.38271340001226534,0.0005017544781932655,0.7051033638632482,111,15,6,0.03750836872524509,2.664916493474376,2.842170943040401e-14
552,423.9668174342658,0.5482910384287684,407.0487168339457,150.87304509443607,0.08448481483068213,0.12026140004297578,0.38119238156475777,0.0005207988814007548,0.778887397279438,123,12,4,0.05101042701357316,2.9294846160810177,2.842170943040401e-14
553,416.61054597995616,0.5289981782284262,418.7333149495004,179.25448788996817,0.08339643065390984,0.11540391239741213,0.38380727151536215,0.0005045022681174439,0.7646352656596777,133,15,5,0.03771257795080668,2.367099362023152,2.842170943040401e-14
554,422.37133972039453,0.5389313413518949,410.40651240604086,164.0949844246798,0.08389011567535061,0.11834293857828303,0.3824603224506477,0.0004743348712687902,0.779567323783951,116,18,5,0.043228284593574855,2.7252210545892472,0.0
555,425.58517397568124,0.5805023479438628,420.7942388658032,159.34537910930504,0.08228712772163572,0.1170370916589078,0.38239982357218755,0.0004309879965862112,0.7781756788414641,97,17,6,0.03630211972750194,2.2260100943964125,2.842170943040401e-14
556,414.1615951384032,0.5321642446218944,388.4349625156786,159.02239269226231,0.08483523536945174,0.1189368959977912,0.3803792521756683,0.0005832194075762744,0.7545188036315796,104,18,5,0.040139174288173624,2.8422878983545217,0.0
557,390.971586777622,0.5117965543400449,393.69257158984897,118.45930311810349,0.08292708753204203,0.11921803488390632,0.3801456488977152,0.0005080926432523451,0.7071070052019941,111,13,4,0.033918124201771184,2.538034729243741,2.842170943040401e-14
558,393.5400390945847,0.5364883809136723,363.4040635494963,140.9693640164935,0.08423600928866323,0.12062222396230576,0.3804057171478215,0.0005092991401008132,0.7141786998073448,122,16,6,0.0437208554154066,2.532458831096971,0.0
559,377.35455935150605,0.5270532362775961,351.0633303240866,136.3766309622988,0.08299572905329235,0.1214455746489676,0.38418183101196157,0.0004806524012310594,0.6854386055559455,128,15,7,0.034781934726194536,2.8773208506569388,0.0
560,364.6365913476583,0.5289443353960284,359.43036466566,128.70631477375645,0.08114847504656927,0.12025215794188607,0.38362049103757057,0.00037640066345929823,0.6589309057811383,114,13,7,0.02791516342331022,2.399071984975084,0.0
561,362.39158613147436,0.5295530203852301,335.4924591283369,141.23553237384021,0.08386693451863472,0.11576294568594413,0.38525818277643575,0.0005274421106304757,0.6605577158457568,117,15,6,0.04620859578038863,2.313048784678437,-2.842170943040401e-14
562,340.7475279067582,0.5119708500739972,350.7128429583456,127.69993348931104,0.08690312842587877,0.11419890923107673,0.3846236776694621,0.0006105099889793796,0.6168662929909194,111,16,7,0.04824991942967744,2.0444596965952977,0.0
563,357.79169944183025,0.5135112051730941,357.60541111016244,137.40086622275126,0.08558152922765616,0.1144987569532911,0.3871247319352382,0.0006161375280350748,0.6528649467700918,110,14,4,0.04277467661537871,2.2660858515294593,2.842170943040401e-14
564,367.2109379538696,0.5489420096583828,382.7252858042913,138.22790756970545,0.08424776643137369,0.1160480750359061,0.38654233357988194,0.0005386115974774284,0.6734924564843047,102,12,5,0.040735448939195264,2.451066138565335,0.0
565,375.8631634486021,0.5279372165657263,360.9466017182726,150.51230605452923,0.0844028699131559,0.11138291609135836,0.3873385881040972,0.0005105248682447113,0.6907612732378456,118,13,5,0.05182097051690441,2.24733760262277,-5.684341886080802e-14
566,371.501333673463,0.5437374758987313,373.46156106438434,154.21758044214286,0.08544366010246791,0.11388575139903429,0.3885994315224118,0.0005908316940478494,0.6812807145684029,121,15,6,0.04137503449976127,2.7860374397412433,0.0
567,380.5535057531034,0.5385473344754268,386.71518725379923,158.69501858986007,0.08392376651188646,0.10653055282275042,0.38980436383243633,0.0005230929946858903,0.7075593921246992,110,15,5,0.03763415736540367,2.30619032228307,5.684341886080802e-14
568,388.216297808787,0.5493522645953666,381.58982799084185,164.9881149282587,0.08249202250950319,0.11176989011159913,0.38939262979743594,0.00045355392360567923,0.7181160484289892,101,16,5,0.0298728717452178,2.5288480683957313,0.0
569,378.1997202448449,0.5580466346925976,385.21699399692807,134.7345124330696,0.08341521413531666,0.11218048967104625,0.39168585667643674,0.0005573998594593361,0.6921917083862941,97,9,6,0.030016316191983694,1.9669130755208013,0.0
570,379.172287551444,0.5425260620426497,380.74408659933215,150.87839280917493,0.08524002945539626,0.12043458717158077,0.3914612248807464,0.0006069789120923146,0.6975732999562394,117,16,5,0.039603828625936914,2.835466942390609,0.0
571,384.23428382611917,0.5521600916946607,387.90881300017224,148.41679139898164,0.08418162351230296,0.11796290911899744,0.39085798821048284,0.0005431384010532777,0.7096833133507015,122,18,5,0.03723628312246868,2.573947645941899,0.0
572,396.86260015310995,0.5846570236406483,393.75072199413603,141.1419911229981,0.08317101138864202,0.11565284551999193,0.39113932620302555,0.0005024310413284955,0.735002114817815,106,14,4,0.029113313811481186,2.7108288248263803,0.0
573,394.1084283330071,0.5696420394176397,390.7676263466003,160.55551420980913,0.08170296402539856,0.11482529320738155,0.39079682754190653,0.0004708602551349569,0.7300264012742947,114,17,4,0.027825460114688193,2.483768246020658,-2.842170943040401e-14
574,392.30394367137154,0.5738646513121741,386.474686885436,159.83301912527418,0.08372761137687952,0.11675431589445344,0.38875068232237325,0.0005718391167854829,0.7247056986050829,108,18,4,0.03382596802884496,2.6084285339565687,2.842170943040401e-14
575,384.843749702146,0.5427728996701064,384.27717607918567,142.45345757685402,0.08396305680127088,0.11418623197374386,0.38992139739066717,0.0005308147779796662,0.7073612029109627,114,16,6,0.033783825482637364,2.2045856364592975,0.0
576,391.51829510772916,0.5693124483401727,416.136573313683,147.7292750787925,0.08293067264799063,0.11747161552412641,0.3893261588782333,0.0004820420466578082,0.7199905425273236,111,15,4,0.03470002426306329,2.4292596632089483,0.0
577,405.4555945291427,0.5456785254673477,395.42438416393804,147.66865314025583,0.08288264164360043,0.11558906208545158,0.3918098144249066,0.000519195838009935,0.7502052855728445,113,16,4,0.026785848713811275,2.7979690820715364,-2.842170943040401e-14
578,399.86608270064687,0.5534881971064531,367.1898438891351,147.85174871323701,0.08509417736468831,0.12689364092136393,0.38709059776174326,0.0005711734650532054,0.736558495147289,113,21,7,0.039592725738052365,4.6586509674278895,-2.842170943040401e-14
579,370.1142733579456,0.5308333204463445,345.91113170256756,119.83132197310067,0.08488583169233269,0.1197975071073658,0.3883866797651353,0.0005533022524348876,0.6697423573859312,111,15,3,0.04006363199662124,2.3454323645545894,0.0
580,352.66469544499773,0.5469747276422139,356.7549528379856,123.15831159630307,0.08682968620821264,0.11549185769593229,0.3892496351703635,0.0006245830472400146,0.6417398107118542,115,14,7,0.05725245522013765,2.2610405860888996,2.842170943040401e-14
581,361.79667213484186,0.541266052672702,368.2602806182891,133.4575240940494,0.08497748691332044,0.11540723276466744,0.3899947807513761,0.0005805784894835256,0.659073189037495,116,17,4,0.046969345633549354,2.164910641081233,0.0
582,374.0524975736936,0.5367261231245287,378.3356012651074,120.07891603612268,0.08548033606785489,0.11593735117563209,0.3902552238204702,0.0005421614557750557,0.6825889479420071,108,13,5,0.049233670547217626,2.3056963017266106,0.0
583,376.0352038299393,0.5489651362332786,366.65785099282454,138.93959024844912,0.08560126489905254,0.12039316812592017,0.3942991729975333,0.0005493390741228403,0.688356247978373,127,16,8,0.05557688448935015,2.896127325641597,2.842170943040401e-14
584,374.3928022530177,0.5271021928877132,395.6551530684067,167.30167147700234,0.0847819809606463,0.1189146488975459,0.39087430521162353,0.0005339549610074683,0.692888366195832,118,19,6,0.04369596084001839,2.95105280113311,-2.842170943040401e-14
585,390.26535486254437,0.531915820765765,360.12906600464055,155.71461697133932,0.08446711363157926,0.11485109126129782,0.38657040523611347,0.000544042248689159,0.7211151067910473,110,19,5,0.04553285534401529,4.2501610357797475,0.0
586,364.61104559617434,0.5120373903288052,370.07464708497014,125.98039169702976,0.0856128844270678,0.11538839036978069,0.3892232356000013,0.0005549913901648987,0.6608108170247687,122,10,5,0.04909210144427371,2.1326115459937443,0.0
587,377.73393302674265,0.5380367205698717,375.2250387914673,156.6953016956912,0.08566066581214729,0.12113168199620702,0.3875795327481318,0.0006081568444862882,0.6903308646271556,114,18,5,0.03987618389802978,2.3394143493370843,2.842170943040401e-14
588,382.4119400610099,0.5729587699182845,380.9614675082016,137.62585414119104,0.08460392618066492,0.11878861073691889,0.3858359757039736,0.0005566714446527512,0.6919959890556567,118,14,3,0.03417890338963917,13.575838227556932,0.0
589,386.1960322200831,0.5487017393999313,394.811592244288,131.17893703965103,0.08378613372994771,0.11884180183762437,0.38526706479251777,0.0004927365552221895,0.7023622418113094,108,15,3,0.036846049057845755,2.206411671498636,-2.842170943040401e-14
590,399.48793131650916,0.5644914817026747,386.4362981197167,138.83488283315825,0.08220452920110771,0.12026485658485792,0.3859265844128898,0.0004343142035156855,0.7286076432198688,104,13,5,0.02728512439046909,2.435177902851803,0.0
591,382.71636452976867,0.5419957140965197,376.4282067365103,169.35785590061874,0.08334422947872316,0.12127582872736482,0.3872747538288436,0.0005473328349184283,0.6981161752824331,124,20,5,0.032047913490164955,2.5356681654511513,2.842170943040401e-14
592,382.7122328346836,0.5502583535413884,385.18496380901854,121.78772531293191,0.08404094302207539,0.1204466891970894,0.38681780063884774,0.000622728250619384,0.696697125232207,109,11,5,0.030445793123179847,3.573094565794037,2.842170943040401e-14
593,385.8027851506455,0.5278649836941216,364.5477437443176,122.59843338554671,0.08589538341540848,0.12220510207560781,0.3897032999301692,0.0006040054881366253,0.703394943455989,112,15,5,0.044519797039306766,3.8928781549429683,0.0
594,369.83935112590063,0.5465667819188769,376.89039995976725,111.37009233248159,0.08480316062955012,0.13051666945735726,0.38742232423627293,0.0005719059517990677,0.6703925943473955,100,14,3,0.0480797469409537,3.471772194383003,0.0
595,371.09490222140226,0.554404078763276,376.20669966374555,145.30784593823398,0.08504752155675921,0.12401866547823184,0.3870383493890007,0.0005437885779926574,0.6737395531267568,112,20,4,0.05499283573158889,2.569529035448122,0.0
596,376.83396529066505,0.5586836280184255,366.0757280380182,139.91690833444844,0.08537252921386546,0.11728537127280401,0.3860872320550073,0.000581354781917822,0.6854895504266093,112,16,6,0.04526993896463798,2.3360966966775623,0.0
597,361.60617581190365,0.4987548254238799,351.29149799390984,120.17908884697461,0.08576809956393454,0.11695044658985242,0.3855230198663844,0.0006570137004311764,0.6528827794669084,111,14,6,0.03830514419840227,2.3113011407659223,0.0
598,354.49444866765276,0.5142778532139552,339.0220252588805,132.2545556565351,0.08721742484204904,0.11844498185899892,0.38644070738831565,0.0006497567514124843,0.6364685336993345,111,18,6,0.04863596499950107,2.1161144207657925,0.0
599,349.0489495169966,0.498644244647207,356.4434838392662,112.98986816992053,0.08596886774267996,0.11873706811247954,0.3874734509584483,0.0005611975295466278,0.625272157382675,124,15,7,0.04811075787272519,2.101392747288581,0.0
600,365.8102637673279,0.5235429247161647,357.81057796896954,133.3871093240503,0.08315375976364334,0.1221310097564172,0.3850640454866118,0.000499734877088103,0.659640761941262,123,21,4,0.03191610228493506,2.6140172988958894,0.0
601,362.4574637406587,0.4959401961351053,363.96359841244464,121.72692836132096,0.08439599664668375,0.11392857960865879,0.3886709355970146,0.0005206016908815925,0.6532583989979502,106,12,4,0.03368301088402092,1.8929852803458553,0.0
602,363.9624166228831,0.5104741784528393,367.6910817894617,129.60049679493818,0.08729858109538807,0.120800017351106,0.38748529713169855,0.0007291033411693825,0.660852886912731,120,15,7,0.04572667238533325,3.0546674740262563,0.0
603,373.5321390333625,0.520900313457997,364.178778863155,110.58651638822747,0.08601554308487883,0.12417862917511989,0.3869960989849671,0.0006059315566794278,0.6787655240323766,111,14,6,0.05065718890020716,8.242369234636383,2.842170943040401e-14
604,368.8006209247962,0.5326202107148965,379.93440804309955,122.81749807754863,0.08321710338718705,0.1220748839046413,0.38700817245591634,0.00048999342150518,0.6678823200064736,105,15,5,0.03460972931975449,2.251983355156339,2.842170943040401e-14
605,375.9294757674147,0.5264874608782644,370.8432823253894,144.95566168857442,0.08460849448358006,0.12102527736576296,0.38732748625619684,0.0005512504812353954,0.6817055214755737,114,16,6,0.04261938170747064,2.339315219779133,0.0
606,374.4326442666477,0.5224522388522894,341.91899572680654,154.17844152311636,0.08386032945200997,0.11825144518617924,0.3862708301650148,0.000516650011138476,0.6807787601916618,128,21,6,0.041828271779237695,3.129347928933194,0.0
607,360.58392537403637,0.5254797074992387,400.3098045577914,103.60166314538803,0.08494856927470389,0.11926932871565214,0.3861296282979114,0.0005802722114384749,0.6522649051842825,107,10,5,0.04316451114660377,2.5145698097332208,2.842170943040401e-14
608,392.05674236807295,0.5563304134171305,399.78865046199496,145.2018017245044,0.08200670834123477,0.12380660310990664,0.3876418901794649,0.0004910630558753168,0.7165924998562642,104,14,5,0.029534422564940436,2.5563572356187656,0.0
609,400.6552864657751,0.5895322442893519,394.9007360459871,129.38923546142289,0.08225592564487098,0.11970012202423953,0.38787735387729205,0.00048821902991569223,0.7360078373923441,97,16,8,0.02886348816871108,2.5516850998647125,-2.842170943040401e-14
610,388.0970751270183,0.5511113950287567,379.3837761696682,143.22845428675652,0.08206121555732551,0.11966017986391107,0.3921323612136335,0.0004493840868288948,0.7120453978955554,108,15,7,0.03446120890208212,2.571808069845935,2.842170943040401e-14
611,380.28286118159065,0.5483883904318503,353.8554861237917,126.03529656337878,0.08118305186847974,0.11958691851572004,0.39213184709059695,0.0004717010358544309,0.698148453898707,103,13,4,0.025364069718572458,2.4794289647858094,0.0
612,360.0673792227866,0.5359321539442925,374.42964872320465,128.16325626885475,0.08239068851867705,0.122150980872197,0.38832541223474554,0.00047251693617759766,0.6576914772759499,113,17,6,0.026044777445646424,4.038297694948544,0.0
613,374.1889221183336,0.5411992430483833,400.6890270305719,127.54597516633251,0.08377440744616046,0.12011999113875471,0.3872068849254557,0.00052092151918917,0.6841290793283501,94,13,5,0.04360295113710217,2.5501076496492923,5.684341886080802e-14
614,391.55541155139474,0.5550843495128216,414.043081322136,144.61991672993258,0.08343380453426616,0.11857831682442739,0.3861324324702928,0.0005431265229303792,0.7160985921401736,117,14,5,0.03662286576935278,6.9021648799211945,-5.684341886080802e-14
615,411.8131141957494,0.5605350511567133,463.9429704694023,163.3121179552416,0.0827573841405481,0.11783145983437095,0.38592513818040197,0.00046076822413324334,0.7579021277752129,108,17,4,0.03722759931981083,2.4772465918905655,-2.842170943040401e-14
616,446.0999131863706,0.563959016132815,451.63566649033567,181.38556092215495,0.08328085408812061,0.1198449678458137,0.38664356241401143,0.000499286170766374,0.8244863678560519,115,16,6,0.029468977332332603,3.0630976119098996,2.842170943040401e-14
617,452.11439748392075,0.5670420330320838,488.3344852178893,164.47828695606992,0.08146723895784694,0.1239008186485812,0.38875853523012405,0.00042915273288587083,0.8353954909769208,110,15,7,0.028805189313360645,3.5167947459447015,2.842170943040401e-14
618,464.6160106323661,0.5632053733381356,461.4333012974453,199.0274987970933,0.08232521986290527,0.12260118382451773,0.3856948734584637,0.00044068384308412365,0.8574844130789941,113,19,3,0.030914929763869586,3.631151532031371,0.0
619,455.68066340793933,0.5543521503707791,477.9422035605376,173.9292137391593,0.08302481478163927,0.11824756254994338,0.38536492644825887,0.0005076707127229977,0.8418532582435511,109,18,6,0.03287380168852028,2.734934588647334,0.0
620,458.203669658128,0.5260680159889167,464.16020375361103,176.00193088774688,0.08129160775355361,0.11654985282045399,0.3880103678483509,0.00038685638978181857,0.8456763329226666,119,13,7,0.03389559348978106,2.6695344038474187,0.0
621,464.2223556322592,0.5674622737529015,459.647566150487,187.84383468467377,0.08148078801187388,0.12297562774289557,0.3864810847365228,0.0004245851367597508,0.8632232696750164,108,19,6,0.03753153357292433,3.9151224535428,0.0
622,454.3176507319361,0.5533401102854446,461.42120141772466,164.02962893536264,0.08313876395038333,0.12060221730864051,0.38519978685287887,0.0005271322148545692,0.8454139481500327,89,16,5,0.026662909525108785,2.998692969052743,0.0
623,451.1941237336939,0.5680603875678856,455.23128083184264,192.48066404493503,0.0841295088275499,0.11741010622248534,0.3832964232461331,0.000502697706865878,0.8376603499605455,122,19,8,0.04798837985296592,2.956525061966609,0.0
624,450.0461815946024,0.5829543879997542,416.75167152750004,175.54914654966748,0.0865209693566811,0.11346572619362798,0.3858187049661105,0.0006071777466023421,0.8340398634098947,105,15,7,0.048089094449216316,2.4164437857499133,0.0
625,429.4357765174975,0.5613519693701645,403.22243397623174,173.76322847189522,0.08510184655609067,0.1195037325825567,0.3826423442469178,0.0006295201201507649,0.7949774260973329,120,18,6,0.04480359689926665,4.093107818418174,0.0
626,412.1967681598711,0.542738121409071,415.61659476092774,171.34680532377587,0.08452600855348007,0.11289054875588644,0.38226973930363384,0.00058356413871717,0.7596282657225638,117,17,5,0.037409612367351484,2.297429477115243,0.0
627,415.06999217342945,0.5665859992246296,407.7356319621401,172.19265026754945,0.08309824254118722,0.11387105901995702,0.38436256975689304,0.00047769897042326245,0.7625650420845571,93,16,4,0.03826136525877281,2.4526959498221124,0.0
628,402.45791464214875,0.5535650111407141,406.44199219678865,156.44187950010496,0.08697464464201764,0.11136394749525136,0.38417694103439254,0.0006136117447152478,0.7379615399435973,125,16,4,0.055227384771154964,2.179916612537794,0.0
629,415.3686947548677,0.5641173506661038,421.312258626509,119.25446241787826,0.0841289135959444,0.11559262947281586,0.3856323890011337,0.0005423558420253471,0.7637002942675322,109,9,3,0.03985606756796404,4.860924982450252,2.842170943040401e-14
630,419.98207829644605,0.5656295009434016,441.86762702961767,148.19628622449076,0.08351531984639558,0.12540860168656687,0.38517966872617715,0.0005220592803791886,0.7760939619485994,121,21,7,0.04082991870147382,3.166023902824062,0.0
631,426.6043104014888,0.5386702052445174,419.8880784335763,128.214270893255,0.08613501050581503,0.11967399777982382,0.38786577731728816,0.0006585643474953357,0.7870555125919579,112,12,4,0.042522231048692107,2.8410687900470117,2.842170943040401e-14
632,415.8261843392788,0.5473000450756936,406.6666167210242,150.85510713371224,0.08512328301161833,0.12427068788767394,0.38597921728370677,0.0006328273209967929,0.7676218650255205,112,17,6,0.04348976916960737,3.0281715792498898,0.0
633,406.7795342716575,0.5240221452231439,395.85869146204107,144.39775544014446,0.08509766103762524,0.11607293727740096,0.38722141435496216,0.0006021426521237873,0.7501799506360465,110,16,3,0.044665052703362865,2.5299999827333504,0.0
634,401.61874036081275,0.5541132545077272,377.4485146184324,164.3033593595232,0.08493992873862014,0.1215849620411124,0.38833605433891266,0.0005285900995283999,0.7424849939944504,118,16,5,0.04682155730719859,2.8348583909622302,0.0
635,383.45108547728694,0.5319569793116674,400.47870498801,149.70434382634127,0.08300837394996102,0.11536745711966882,0.3872204010306698,0.0004238249498447366,0.7117186676250847,104,17,7,0.045539249778871145,2.5371809611534566,0.0
636,388.13442035648865,0.5319314056238236,379.44411941229356,152.2103240682651,0.08585933314129204,0.11323271721243236,0.38734584653928433,0.0005393610714216432,0.7158997101706187,107,15,7,0.05809585682214941,2.8016295098529236,-2.842170943040401e-14
637,383.05695356616786,0.5338551512143423,343.7191533381467,137.393755049915,0.08721271203137167,0.11138827932787287,0.388161477220693,0.0006143214677747266,0.7022722303283051,120,11,6,0.06834774211119944,2.0091508950104573,0.0
638,361.05488110385943,0.5377109085723282,338.2884240358608,146.18104697123437,0.08644882950527194,0.11547807048880483,0.3852691035731059,0.000622334293082776,0.6576073442494635,113,16,7,0.05473215238132921,2.376298871560108,0.0
639,344.6152973899915,0.5215557022176163,330.4390354399361,138.01579260093973,0.08538988464155287,0.11307213445667813,0.3843967792536541,0.000606253984447219,0.6233562285576704,113,18,4,0.042658769830222945,2.2171632003388475,0.0
640,338.84320657266323,0.5146180754044493,346.90802651793774,100.12334808634243,0.08661606015081971,0.11303413847985336,0.3848590959802665,0.0006767158603868598,0.6129546216960593,117,11,3,0.04198767497340659,1.884782281134457,-2.842170943040401e-14
641,352.1982859195374,0.5038839479335011,367.2940274398509,110.35777015637095,0.08521776721949882,0.11976518464241366,0.38666787153680193,0.0005751481724129665,0.6383160122307763,104,10,4,0.04014363767846065,2.2846797105721235,0.0
642,370.08233401756945,0.5281734543131924,381.71411291590664,126.63068859841779,0.08370982006077207,0.12447401396695244,0.38467198597331304,0.0005213661302097493,0.6720799179029998,113,16,5,0.0326708888875694,2.6713531428969017,0.0
643,382.0918344993735,0.5533815065246568,402.88291481326064,132.47147716020493,0.08333445933917949,0.118603643184767,0.38569707812400955,0.0005242119743503089,0.6984156601173194,110,15,4,0.03989988377213908,2.391589501573267,0.0
644,391.88432089051145,0.5329697294809439,418.7734376821362,136.68896171234667,0.08297076531846591,0.12337812442152142,0.3844490357925688,0.0004832018905069782,0.7157139583005122,106,14,5,0.03774375193837967,2.969872136974311,0.0
645,409.83005099595016,0.5575240598794029,431.39067062384197,153.82057906679495,0.08502450433134692,0.12359176741230742,0.3834505187553716,0.000584426956917623,0.7515709499105384,119,19,2,0.04675909783638824,2.7686625229968946,0.0
646,419.9759014887595,0.5289387608283678,417.1434679422971,135.8608719296797,0.08520524955557028,0.1198395852802659,0.38408125480670374,0.0005857813409698699,0.7744637336129255,104,9,3,0.038990918552019624,2.609688844512566,-2.842170943040401e-14
647,412.0050143808404,0.5258068375170069,390.3106180905454,146.22532474405168,0.0842983845428053,0.12105844316605768,0.38697713419774893,0.0005336036445226062,0.7541096524786239,113,13,6,0.034121321498778494,2.5729296821871412,0.0
648,396.4556391716491,0.5096962281264876,375.93447895608745,153.30736236162147,0.08606010837578836,0.11588951778409458,0.38754779829004066,0.0006335720211455505,0.7287210646102958,114,18,5,0.03967228198295854,2.550829304012625,2.842170943040401e-14
649,381.2602606646775,0.5075559917145831,361.21047819857677,121.18576889643158,0.08693522064004959,0.1215776164958248,0.3879279706112022,0.0006748717424579733,0.6939752230849475,105,9,4,0.04434090872037099,2.3850382287781042,2.842170943040401e-14
650,375.82224680554407,0.5452270697199035,397.68566563933837,133.07019280258442,0.08648526505176621,0.12222403229996003,0.3872242682802461,0.0006732979443335586,0.6881467533675396,111,16,5,0.04120329079215574,2.730578389857234,0.0
651,390.32113520695646,0.5266706508947196,404.11985256138115,117.91276842233026,0.08623904416845532,0.1181591913514948,0.3891844312545768,0.0005708016204163709,0.7146405268699132,113,11,5,0.043087597232449426,2.9235092981088493,0.0
652,401.9761721417934,0.521318439418631,433.60765081521237,129.00271573647268,0.08203852525526449,0.12620145408326594,0.3860609540509432,0.00044532516969474176,0.7394248522460395,105,16,6,0.030094135960470367,3.3860674097343066,0.0
653,415.9838652685463,0.5278183787693902,431.99320944024134,143.525692382854,0.08328916280182601,0.1221845801104238,0.38737124136078555,0.0005313386289214349,0.7604397052681531,118,17,5,0.034787179375690744,2.666100189133797,0.0
654,435.6736683549278,0.5630814574151859,440.0265037163768,141.99080538706983,0.0829851292409006,0.11825283427905314,0.3914605347382954,0.00047478189870846867,0.8047289501318099,104,15,5,0.0312950578827781,2.7710815776371502,0.0
655,437.48701442164395,0.5884043328669397,432.91793942777576,172.64163693437763,0.08237964094641026,0.11989264977417138,0.39062957113068764,0.00046076827889686764,0.8078540736527031,104,19,3,0.028721970783222216,2.5991104133084324,0.0
656,425.02233069367594,0.5626885759432787,442.982611447534,156.47477322837665,0.08392289804567633,0.11470229742761992,0.3918503015135323,0.0005653203942943126,0.7833341234147512,104,11,4,0.02871498684276011,2.23907546992059,2.842170943040401e-14
657,437.7260888436409,0.567998586883296,438.4548537610858,155.647960575582,0.08519446793187938,0.11847071020553712,0.3927198200396676,0.0005925169274211115,0.8126964104078631,95,16,5,0.03442361024737399,3.0786956877808214,0.0
658,430.5330264576321,0.5822111909078668,427.70757609746846,135.22563686277,0.08241940864405782,0.122538598447021,0.39579746083631573,0.00043966617137996557,0.7954116094421828,115,13,3,0.03513329319259486,3.3174365221055733,0.0
659,425.4961952116196,0.5596496292233205,422.3734018728478,162.55562371550533,0.0837640964657519,0.12286127181084822,0.39471445056545384,0.0004983015725531907,0.7892999043080114,108,20,4,0.0440061796659573,3.1602132322338785,2.842170943040401e-14
660,410.8946551616531,0.5362548710282293,434.91036666632834,154.7241034096663,0.08654562478009206,0.11973017401326314,0.3929827043164312,0.0006492516275504016,0.7602099308027155,115,18,4,0.03757963225995992,4.222881191017657,0.0
661,427.8763544356221,0.5287466421804482,439.83876362091183,150.66292706871104,0.0860483914620716,0.11506459132111478,0.3937328879936381,0.0006653680769181658,0.7902006494221736,115,16,5,0.041352209852377385,2.5616128805695997,0.0
662,428.64852902145594,0.4856890685385731,442.0585929126994,144.27388556672798,0.084134391098571,0.1236767341022149,0.391939087867357,0.0005948188546878325,0.7886842659577289,109,15,7,0.03401666635792657,3.2914024417015506,0.0
663,429.0986255661235,0.5313879227525491,453.69258632453557,145.1018780579129,0.08523470811191117,0.11731907507482305,0.3923897275631132,0.0006231453820062092,0.79352393806177,100,14,7,0.05046824825204387,2.6475551113839275,2.842170943040401e-14
664,435.7750586163353,0.5248538083465608,417.9651514343085,143.7908851058228,0.08580152492393706,0.12297553911554948,0.39128469646784003,0.0005800125769312796,0.8050578162560575,110,12,7,0.04966148527835588,3.1409245613403454,0.0
665,424.8794019814167,0.5614488279343914,423.65384826500036,139.96193591384514,0.08309024617587636,0.12327315989644604,0.3905327219384771,0.00046542032694288674,0.7836680052958422,99,14,10,0.02940825720809445,2.97168617695014,0.0
666,420.31066291590827,0.5854504970278457,404.2816989859808,169.63916532151762,0.0818059614439373,0.12009397467524147,0.3885262818059963,0.00037975615520219975,0.7768306681894671,111,17,6,0.03831232377246396,3.0458361760892885,0.0
667,403.7459474676781,0.5436368761807798,392.4808136927725,164.21453212683656,0.0829229479243298,0.12181014081671607,0.3848138418784726,0.0005086052252311222,0.7397376574967361,114,20,7,0.03175310844269961,3.3284607530749386,0.0
668,398.66541920683085,0.5196089281419725,390.4052940119685,161.10233110545676,0.08409021961803254,0.11813347920722793,0.3857802705946342,0.0005835483502815151,0.7236448862739464,117,16,5,0.03193022123414833,2.348263935748849,0.0
669,389.3421656036143,0.5286839843057143,406.649016313209,135.65745164088526,0.08558778349180036,0.11466129618052616,0.38641121399041967,0.0006454669908595112,0.7100246265287503,102,13,7,0.03455788311855433,2.1648338116203196,-2.842170943040401e-14
670,401.9440734048585,0.5282644855579912,370.3630817251381,160.34694302313727,0.08567626472263444,0.11563360086070992,0.3873463667627717,0.0006678786900789768,0.7388456005288547,118,16,9,0.034521316829673465,2.3107019913299522,2.842170943040401e-14
671,382.3837248182725,0.5092354178976436,391.8682735316545,122.02047141207424,0.08486086281644332,0.11670006179876344,0.38737258288296034,0.0005977180550809473,0.6980221383305947,112,14,5,0.03726180627904698,2.27346129402682,0.0
672,394.2998773751077,0.5395371779903813,404.9557282878883,156.85627460399502,0.08446998637515592,0.12340409917357056,0.3867321396971178,0.000570524822322998,0.7233722472152117,115,20,6,0.03477515531130096,2.763138183679436,0.0
673,400.151762033854,0.5598957108680852,357.0749897517141,166.76754131276272,0.08361446539547575,0.11749601987045909,0.390551163513382,0.0004966826288996557,0.7375862674282568,110,19,7,0.04334462294274578,2.41828512517105,-2.842170943040401e-14
674,367.7932810183162,0.5246798099695801,388.2594318283453,126.1157911471414,0.08386099816420786,0.11208839890952725,0.39242889575926976,0.0004989703457766823,0.6740991739592836,113,14,4,0.044255052622231006,2.090019480003516,0.0
675,384.5854915421235,0.5343593651586149,364.8474265223352,146.56018963890654,0.08252744300044779,0.11811411869544271,0.39101350832970205,0.0004399165451959458,0.7075731948372566,112,19,5,0.030790270735418946,4.272627243847408,0.0
676,381.11600472383174,0.5581406808381073,374.01335095303307,139.99768540114957,0.08284816009610299,0.12490113785929731,0.3865371254891553,0.00045454716897990323,0.6984332831700201,115,17,6,0.023684399519512726,3.4307379476981894,-2.842170943040401e-14
677,379.02046349872245,0.5531552592156989,378.8115481855793,139.20061908368126,0.08009671381975816,0.12261221644613483,0.3845348062400675,0.00040378196386515395,0.6908877986347709,101,16,5,0.01796386044656853,2.4296089925133373,0.0
678,375.7976111176363,0.5633586600161222,384.67553528193264,152.33016727320475,0.08587646623183513,0.11580541467599713,0.3837934314610365,0.000597444329760486,0.6916647243943822,121,17,7,0.04015088203927931,2.3531364834751622,0.0
679,388.99943031857674,0.545865565583764,409.1094079013002,148.165715959635,0.08517149299311723,0.11592984488274317,0.3895011566015104,0.0005962625464234693,0.7173218655608472,114,14,5,0.04548910490472829,2.465535270198662,0.0
680,410.4417486938658,0.5620703411093788,404.5010757542336,137.0819003341011,0.08456819925806339,0.12527624524599543,0.393568745464418,0.0005393410360421411,0.7577292042707351,103,14,5,0.04768774794010513,2.848435613243619,0.0
681,401.17510228484804,0.5603434767500655,409.00036336617995,155.4056948485675,0.08373975988470538,0.11562709090740045,0.39250445943581885,0.00048459494644118153,0.7421846718283611,104,16,5,0.04202621366177523,2.703344010908479,-2.842170943040401e-14
682,405.7245849030779,0.573573856698281,378.7676043047026,162.86187419888287,0.0836737043552219,0.1160848634309552,0.3943205240421878,0.0005206987957319924,0.7486767308975415,121,17,6,0.03264875606789443,2.5802279556354324,2.842170943040401e-14
683,386.742264064552,0.5476475295614396,379.68653231539577,145.10961024937274,0.08330379464841214,0.1195584676325829,0.39388447240353697,0.00048299931186827834,0.7081052111898232,121,19,4,0.03190838998162464,2.4517526657113184,2.842170943040401e-14
684,380.5844106869273,0.5456084944540446,385.0006665175614,124.31119471017742,0.0825468037109009,0.12417066707001648,0.39381711231934907,0.0004799794690812031,0.6930437900794655,112,11,4,0.030521347139244183,3.220119281035847,0.0
685,377.66858064234145,0.5281120217954034,388.49151646552866,105.5877181428142,0.08535667781962863,0.12396176682943098,0.39542037501609134,0.0006064665361969476,0.6940856998533648,98,15,6,0.045653239583801235,3.0816626842851456,0.0
686,384.7566874335032,0.5228449839246662,399.97452166981157,115.93460607647715,0.0850524055264374,0.13455326703304069,0.3851276332976338,0.0005725769679766495,0.7002786039366108,108,19,5,0.060814809022998295,4.898880382382385,0.0
687,396.1711499878055,0.5381198870714038,406.3317235259793,133.159665493276,0.08509371239999593,0.12001604915131156,0.3847628916717057,0.0005839482503491487,0.7151165843344678,99,11,3,0.048234028635759624,2.3268504197718967,0.0
688,398.6545998723657,0.5312133097464231,406.64499475977567,127.21751471448914,0.0857179177593186,0.12183625246983223,0.3806245613350069,0.0005691397441210174,0.72415459162763,111,16,4,0.049593083943431905,16.415676080749037,0.0
689,407.37039843777666,0.5617337946383605,397.8441409631746,136.18764415572556,0.08483331324564754,0.11813142614551686,0.38220407834508763,0.0005040816015761574,0.74479251861444,121,14,3,0.051493105340758134,2.311259583949433,0.0
690,404.0533626841589,0.5836621642942377,393.2216464375705,162.51654269528333,0.08316127686296168,0.12524408696223338,0.380904302705998,0.0004769838232824066,0.7401766146773632,114,20,7,0.037635400341828246,2.644883348865176,2.842170943040401e-14
691,399.38993013304366,0.5512402229635907,428.3617744882708,146.76462286398424,0.08246417513346029,0.11653892322313851,0.38168763917429166,0.0004539756612027158,0.7305971100328112,118,16,6,0.030179667795496988,2.326353034926133,0.0
692,424.3842095447854,0.5827884917590358,414.84711032569726,169.30757068777635,0.08235841843902299,0.11660136105582197,0.3841457191421555,0.00045604599024370006,0.7841717155606611,113,20,6,0.030780843367292733,2.622421017242089,-2.842170943040401e-14
693,414.44042991001027,0.545118087394688,433.44691138703274,158.09351371899925,0.08247793545951428,0.12530750590524517,0.38244258616481364,0.000496716249695313,0.7572199426203292,112,17,6,0.030861342569909585,2.887694467831664,0.0
694,427.20911264481947,0.5588702144997175,426.7118272560561,144.72729753589022,0.08188165703879596,0.11993654769583208,0.3843161935968526,0.00044542619824926923,0.7880404436504748,117,16,6,0.02831152774350877,2.6177955569641367,2.842170943040401e-14
695,425.64124643143185,0.5383163967222218,425.19428365807045,139.48547691969318,0.08198125828024341,0.12469273356390585,0.38510462315248906,0.00043713686321927956,0.7851165601256498,106,17,5,0.03304034886208489,3.2244590704679816,2.842170943040401e-14
696,427.7732757240226,0.5912579785711989,455.28595725871446,132.35213729432823,0.08355268519533604,0.12243394778521137,0.3862880682090994,0.0005167357963840413,0.7884018887620821,100,12,5,0.0396138017947838,3.0457335330180344,5.684341886080802e-14
697,434.197324471255,0.5551727665194153,475.70928761565256,162.4288089963565,0.08486680156951693,0.12178436493495838,0.3855751383325519,0.0006074562184187342,0.804008542006608,107,18,5,0.04009594041050479,2.7889165712627837,5.684341886080802e-14
698,457.9676425104358,0.5416382333563727,452.5392098423636,170.3299857819015,0.08094356184595052,0.11802011774011949,0.3848761188658832,0.00038456563597354934,0.850579860381495,111,20,7,0.0316358089336628,2.9066797947236513,2.842170943040401e-14
699,445.49536842633506,0.5548586226039045,460.13678264248176,163.29450254773656,0.08238493554009961,0.1194250097365204,0.38437609889851637,0.0005054673893121365,0.8265926452439887,109,19,5,0.03761321368793543,2.9442289775724304,-2.842170943040401e-14
700,443.4826309099473,0.5466283641478343,452.37178670874806,153.86649746657514,0.08282217448941585,0.12272082243144386,0.3839874144368094,0.0005349245536547919,0.8145098833839534,118,17,7,0.035940897046672075,3.127937980805981,2.842170943040401e-14
701,449.0148905870641,0.550145869649429,470.258125713393,167.80711485642684,0.07995655181441569,0.12615356979090245,0.37922091408220343,0.0004059194831348482,0.8282405235315539,116,22,6,0.020131882164235906,3.0994812556354794,-2.842170943040401e-14
702,457.61258412688966,0.5728950467460847,444.82831484087984,148.66961630968058,0.08267711121214694,0.11893491741287315,0.37995515926690193,0.0005433249028831708,0.8437204724622598,97,16,5,0.030898566479972668,2.6417993968389197,0.0
703,434.85860283252805,0.5329110258130969,404.60944544469487,156.33165958955115,0.08322606875162662,0.11972920354699744,0.37903244526330193,0.000500984400733606,0.7982060011105045,98,17,5,0.03477825634433135,2.5815413951338377,-2.842170943040401e-14
704,412.6337115932376,0.5565929543914887,406.09763831879684,132.93438012706733,0.08498875903411202,0.11845237345323398,0.37934796141012855,0.000572276673368408,0.7543526718618337,94,11,3,0.05006968380713239,2.63057001543313,0.0
705,401.95761980509,0.536627615222667,404.73065961785596,131.0406216254916,0.0849913147566222,0.12320890870963358,0.37867016463335706,0.0006155680156388462,0.7344687179280261,110,16,4,0.03673728584931605,3.1397687310679077,2.842170943040401e-14
706,405.4529658238592,0.5399005259550255,426.22570559118844,140.17467847258774,0.08401666171946622,0.12594262313525306,0.37851643858544476,0.0005463984204483849,0.7383456156233658,122,16,4,0.03326470967816314,7.522335775307216,-2.842170943040401e-14
707,420.5824400717947,0.5716793295629994,449.61783358594454,130.28652985359713,0.08385031376912974,0.12674992278214423,0.37717518017443463,0.00047390938776649806,0.7681899745861716,100,13,6,0.03448007126006565,2.8430578806398072,2.842170943040401e-14
708,427.9098256399073,0.5687071896438837,443.45166365287514,147.73374495087745,0.08218365509080207,0.122454737492763,0.3769009975563724,0.00045202778232834287,0.7841244666918178,108,12,5,0.030395178788388592,2.697487508834668,0.0
709,437.1257633781653,0.5410891955764678,443.89194539486243,160.831077436522,0.08561606869754877,0.1226616209979555,0.37604371399976944,0.0005809628088729531,0.801266631491661,112,15,7,0.03974417777416028,2.600116101103493,0.0
710,444.24890629402256,0.5540658653173429,452.5725030207369,146.87117058524245,0.0853578714069805,0.12073957925562055,0.3763043599819272,0.0005153340697370837,0.8169090824805603,100,13,7,0.04348080293255012,2.944588511137215,2.842170943040401e-14
711,435.71571350109195,0.5331264607115246,454.16207666125797,146.01845326828277,0.08710684863438613,0.12218731029636105,0.3752232904623893,0.0006513502329339349,0.7992106176639812,106,16,7,0.049213031834594786,2.9432773923303848,-5.684341886080802e-14
712,446.5882811878665,0.5151884560352901,488.06451685520466,147.84605604122876,0.08366953780970375,0.12397259659152488,0.3810811448960284,0.0005191017226225017,0.8196640626130317,103,19,4,0.038944469031571775,2.8349346993063675,-2.842170943040401e-14
713,469.40042531593315,0.5439249773372927,482.42526922563394,173.24086530987353,0.0845380789375838,0.1304201718733013,0.3767217085060923,0.0005019429365918039,0.8625225581627942,102,19,9,0.04423004804260149,4.858640020031492,0.0
714,465.95353467724897,0.5218968327239628,541.9005527638673,158.9825853401502,0.08446320610677989,0.12013125854640795,0.3776947708821248,0.0005647449120596157,0.8531976783555507,116,14,5,0.03559478277021445,2.5782837909651026,2.842170943040401e-14
715,508.12162296491806,0.5364457098706248,488.2510785471495,180.45561856473296,0.08553529868889727,0.119949160459944,0.3805186170766618,0.0005788910470130897,0.9377179009515831,117,16,6,0.045457858346465506,2.75091085081092,2.842170943040401e-14
716,488.20630833035466,0.5314633697570212,508.51093529157475,176.3432833801462,0.08423208278687931,0.11978443675330842,0.37938411133819305,0.0006103555744258702,0.9062999702989872,111,17,6,0.039979940331897695,3.2241272182929945,0.0
717,492.2135182465529,0.5538772655111321,535.7879407941001,164.29579349724537,0.0844212438240521,0.1186654045221731,0.3808894260001349,0.0005937301451262138,0.9126350869709491,94,16,5,0.041613081164419814,2.8738657107379857,-2.842170943040401e-14
718,503.0250956008173,0.5486227213494717,454.41981681134314,216.24049609348685,0.0840223802738245,0.12043072787443447,0.3783767461766007,0.0006193839385112129,0.9395601781545957,105,19,8,0.026859074718107317,3.1785217988739927,5.684341886080802e-14
719,463.69963731714495,0.5364962185825085,504.30797974928316,192.29529619979286,0.08484005019842454,0.11107864415548398,0.3821483176651257,0.0005323378479618625,0.8651624391540484,129,17,5,0.05053533216143697,2.5276674919486184,5.684341886080802e-14
720,485.8324122223928,0.5439953137811017,463.8720407324428,199.1781666789205,0.08499914469445304,0.11587725711423824,0.3808018623447766,0.0005383748872233296,0.9121422733817275,120,19,5,0.05201691044265724,3.0834480684569736,0.0
721,464.7928669723998,0.5224940016572708,456.999941638384,193.47267025624714,0.08534713158965489,0.11647072891831883,0.3797519093805264,0.0005782463458967964,0.8670557145017942,111,18,6,0.051960502948157614,2.9781067611803147,-2.842170943040401e-14
722,460.5147468993384,0.5502431314563365,480.3587745942174,189.33937831037844,0.08237934105808156,0.10971802016488497,0.38020485556142136,0.00047245432704043686,0.8607326152685919,107,16,4,0.034218898062339305,2.583114569815548,0.0
723,468.2822097656277,0.5723784199834532,478.1393351829116,199.67372141466527,0.0829626587967081,0.11497057667417383,0.3812318297266744,0.0004563683915767239,0.8777966665895797,114,18,8,0.043715527706994696,2.730256912265266,0.0
724,469.18515601664444,0.5647587084735848,490.85685583435736,191.01538733440657,0.08332188660449392,0.1111779473361968,0.3812280151868375,0.0005044372016417549,0.8788011004822918,110,16,5,0.04592905708821742,2.783895008563296,2.842170943040401e-14
725,473.31282545250474,0.5418757268403844,458.7449630923958,184.16987593615974,0.08323877933386954,0.11742298682687677,0.37917722095299133,0.00045810561977497537,0.8854123875888946,105,17,5,0.040014508795472165,3.1714076886380425,-2.842170943040401e-14
726,459.88751419431696,0.5515084018462445,481.42429758097967,189.63191084645274,0.08647206868129911,0.11680717119608675,0.37884129850402337,0.0006046610233926544,0.8543169459710059,110,15,5,0.053771273761238705,2.7095431282829114,2.842170943040401e-14
727,470.6869362438204,0.5612201008121586,492.5382374516288,195.7645983857238,0.0850010808251875,0.11720689771437014,0.3790235544112082,0.0005424570779223437,0.8766793900765194,103,18,5,0.04536814295285113,2.792498337643532,0.0
728,469.70565524575795,0.5317048329867027,465.12994135225745,186.80377847887073,0.0847559388636671,0.11476953556424829,0.37894871214688114,0.0004757554015816007,0.8767804624369409,110,16,6,0.04105212469975368,2.8684876577909977,0.0
729,467.37094664607537,0.5641463483143739,447.3010541172776,177.9796335536716,0.08320042565918785,0.11814032673253641,0.37751472448877665,0.0004704296457423269,0.869899001646867,109,19,8,0.028853521085480314,3.052308165956415,0.0
730,453.1523694048503,0.5496621980724656,413.01592969174527,175.47165896296698,0.0823596061280655,0.11970270829045027,0.3744401188768053,0.0004697941141140338,0.8369392071305524,110,16,8,0.028110304625944302,3.997673857430135,2.842170943040401e-14
731,422.6525989508483,0.544883727361632,439.8852593068931,172.73569860784352,0.0831986793934545,0.11263189851383641,0.3770585764257783,0.0004893414441320263,0.7783360749638479,113,19,6,0.039385449052311575,2.339825724937038,-2.842170943040401e-14
732,428.65912792705575,0.5522969927826626,389.3361847865891,159.9151869497468,0.08355723842772628,0.11614423954787488,0.3790439981163383,0.0005021025368925493,0.7893532206354276,93,15,4,0.03606258234460365,2.3854557872171105,-2.842170943040401e-14
733,390.4826335630551,0.5236199076372887,379.888251338627,141.2544163865535,0.08633208544408505,0.11959020623474236,0.3804838456414803,0.0006139108869982602,0.7154984470833904,120,16,3,0.04632286940944708,2.803420681811602,2.842170943040401e-14
734,394.4086043540351,0.5254262364170769,389.3209622176021,153.3255979469476,0.08416798014011428,0.12316646746716262,0.38052237510495435,0.0004996275060704535,0.7205198883802636,107,15,5,0.028644770566957783,2.9827360214531637,0.0
735,387.1044744158544,0.5201995754676791,413.9196889065762,127.82240485419663,0.08363810174056414,0.11954692319804469,0.38124487783175776,0.0005138755331941332,0.708811167173479,111,10,3,0.03466323593051622,2.4060244346732405,0.0
736,408.57551092438246,0.5547918286868431,418.21883168984164,131.50370486027703,0.08408073355962663,0.12099663383276317,0.38392892423036606,0.0005006211346782777,0.7498578328598982,112,13,2,0.040426651722770574,2.5587345188120523,0.0
737,414.7924052805254,0.5578508061127267,437.42291676182424,147.756768955914,0.08348055792303619,0.12496510718220492,0.38825114750061174,0.0004582384078710085,0.7641689625508562,122,16,3,0.03953887203686731,3.0496968321915703,0.0
738,429.4665589295486,0.5398655183390961,422.5385412129502,153.04250994879612,0.08383108517740619,0.11989440188407427,0.38732160307459335,0.00047651616161483975,0.7945472342592522,99,15,5,0.03333190604638339,2.624892015744287,0.0
739,415.6988967963237,0.5399719257503186,411.2052369329333,154.95187304540252,0.08478057192523604,0.11709345917357694,0.38587975783944,0.000520298190640103,0.767415061295638,106,14,4,0.04299537222740382,2.60030619123361,0.0
740,407.1178060580156,0.520370623115432,430.27918578837216,157.1448759538379,0.08734367467698088,0.11105078779908771,0.3873792493636158,0.0006797980236071418,0.7516241502849113,90,13,4,0.05310114504109138,2.147795349663983,5.684341886080802e-14
741,418.20540154913147,0.5506848526418626,415.29672947839407,163.9971445536788,0.0861424483765426,0.11565882224005034,0.38709528604573806,0.0006357558219197148,0.7751721165124661,117,17,7,0.04561914130817313,2.6145908557860316,-2.842170943040401e-14
742,413.37006932517016,0.5422060683195543,420.9289024044837,148.53584463342335,0.08622324979248097,0.11499254606763788,0.3881474567750073,0.000621948289092064,0.7618558812313347,114,16,7,0.05841581312202809,2.4441514353793425,2.842170943040401e-14
743,420.77471679590553,0.54224925074239,405.62549294899566,157.57335678894336,0.08553828327171675,0.12011613142536202,0.387325383735515,0.0005984712595982784,0.7753731157365501,99,16,6,0.0467066340516639,2.8741399712920233,2.842170943040401e-14
744,403.90180456593043,0.5310541163922489,410.6460306683086,159.04570375388442,0.08377767178647633,0.11638111995569408,0.38657619942900034,0.0004744074563161122,0.7447837913939381,111,16,5,0.042766512816676254,2.8063424406338466,2.842170943040401e-14
745,406.5440300789003,0.5401529501304374,381.6066061160768,163.221276311461,0.08705810491317052,0.12025921141733757,0.38736051450126063,0.0006722602156231565,0.7512958324224617,138,21,4,0.04754035366127441,3.8264802579874653,0.0
746,394.4329326067317,0.5349777665796656,376.0436961809687,128.51944340166347,0.08418965688114806,0.12117151146619534,0.3876134739770792,0.0005065132279488633,0.7265078295406278,100,13,5,0.03776278606925866,2.5486266006342433,0.0
747,378.61614734570225,0.5326054806130764,343.2231422298497,145.86367960617335,0.0840031126529455,0.11773681051281117,0.39081413349942046,0.0005550632777751304,0.6998206586228527,126,15,4,0.038781626209406325,2.663198202973069,-2.842170943040401e-14
748,357.1608016737098,0.5290438496781198,364.99059104535405,140.6539719196116,0.08715809426879241,0.11849103654742019,0.3897047199885866,0.0006432210175109346,0.6549995119253817,100,20,5,0.050123489608993085,2.4517936491387036,0.0
749,368.79218717487504,0.5542275583002383,362.2707365675418,142.93736843033366,0.08550807086869126,0.11702458387784519,0.39236274010372224,0.0006003696738106669,0.6716335045368041,118,17,5,0.04158548257242118,2.1815054011042165,2.842170943040401e-14
750,363.1143650149605,0.5382463803507344,369.79751597696213,158.94191302447103,0.08480757857764915,0.11836437727838364,0.39251467387991096,0.0006010199057519852,0.6618131321383357,116,19,8,0.03417627321269914,2.56590451453853,2.842170943040401e-14
751,378.5691943098568,0.5647135855784873,389.9923711395658,123.1880856735469,0.08309608757429698,0.11756190432697128,0.3930226159495419,0.0004637134600738067,0.690265540226108,107,14,7,0.035658319322621666,2.2942163407289677,0.0
752,386.69592930111514,0.5551558882529533,398.8381661444359,100.90218031111166,0.08428249239138504,0.12655317566400406,0.390529035991447,0.0005915989972182048,0.7044739577000865,99,15,4,0.037181209831353985,4.4908590511458195,0.0
753,388.3351216886356,0.5664408852972063,367.70848000973626,135.95539447757693,0.08558426529348889,0.12290481765379296,0.39097629143737245,0.0006242351025147641,0.7060994280608188,122,20,9,0.03941658169131041,2.519346334705294,0.0
754,376.0937407765497,0.5508639165261369,383.62847199788007,132.0852058141058,0.08404487548004731,0.12022457032827503,0.3885534492455523,0.0005966312563503107,0.6812599039108459,113,16,7,0.03906465620328258,2.2001706975171875,0.0
755,386.7590544223385,0.5344119918832297,395.9148447742356,142.35505386248684,0.08417408102976588,0.11530786858807557,0.39063672536439287,0.0005132919778140753,0.699734299289486,116,14,6,0.04518099653913715,2.068570991556049,0.0
756,398.4060987273957,0.5431214961972448,400.4330066452903,125.51232615658053,0.08319560024926535,0.11771998738172025,0.39498867871965715,0.00047523677058187286,0.7284804915444325,120,14,5,0.03929925895061801,2.3406357142683127,0.0
757,398.13653264542404,0.5322021708084406,391.9968365905427,152.68712869812154,0.08364529203188388,0.12662837235170174,0.39097072238823877,0.0005358428251403801,0.728263827628603,111,17,8,0.03391122202916534,2.931828703080269,-2.842170943040401e-14
758,389.85476442453586,0.5471921326240985,393.66995624648234,151.85491673087702,0.0840641687126902,0.11791791628540231,0.3904264116312309,0.0005293924139947073,0.7110207431947537,118,18,6,0.03460098985357209,2.480487939156603,2.842170943040401e-14
759,391.5341407596186,0.5395155794344225,369.84090816567357,154.31046584980666,0.08240433362503204,0.11508374502726414,0.39409171328696807,0.0004101878009289921,0.714841847666398,115,15,6,0.031281689627699456,2.3260734891888797,0.0
760,369.44576436560374,0.5186875420645257,384.0543863183,118.11250601176607,0.08482727745094122,0.11922007860806977,0.39640813516978407,0.0005792496300449186,0.6694768063243712,108,12,7,0.04005852673209817,2.238558331237408,2.842170943040401e-14
761,384.9495464008097,0.5465918441100819,399.85027056034164,129.11729601036143,0.08468711781629967,0.12111811325804664,0.39706893764746953,0.0005881685532153495,0.7036415099147951,106,16,4,0.03992181600047524,2.4968061668940553,0.0
762,388.7513771000532,0.5402819834411481,365.82407986517,133.85110104038637,0.0850854692112342,0.12432420761472761,0.3968692168816766,0.0005738699212201389,0.7072460934591742,122,18,7,0.037831384569096765,2.569906958767441,-2.842170943040401e-14
763,384.8715601734234,0.5504992525678468,358.435077577848,147.47997598507294,0.08456616758117103,0.11911297580034044,0.39762629772370184,0.0005293195010283868,0.704550762748153,113,18,6,0.048972842284522956,2.4868411823067427,0.0
764,365.21444633529734,0.5111949413868155,385.1266704557936,144.25267959229868,0.08471896937972523,0.11551964477473589,0.4009845661431173,0.0005087801316256115,0.6646055087520771,122,14,5,0.049624498273139646,2.118117667459641,0.0
765,378.4347435816934,0.5214758311025678,358.63216737507366,145.83396213906545,0.08405540074741186,0.12138078464324221,0.4006811602288428,0.00047464849952096754,0.6919499114737214,119,14,5,0.04415173564306194,2.4872535886768263,-2.842170943040401e-14
766,375.5328122242472,0.528296745159744,373.95591210821306,137.88730877134714,0.08308156152827757,0.12551114826892362,0.3993244396762044,0.0004745953673743381,0.6805564665422159,113,16,5,0.03413701576036439,2.481947465348352,0.0
767,383.7132175639524,0.5636516527112957,367.80513783207357,144.96355803092075,0.08361270916185363,0.11933781324036866,0.40333182391055783,0.0005086124553198781,0.6971401175976125,113,13,4,0.03463308096691055,2.1566649400489273,0.0
768,378.1284304323058,0.5505126859018653,384.26740414312565,149.81718575955065,0.08335209343754851,0.11847827292190252,0.40275116031793606,0.0005243442607996306,0.6908502765456543,117,17,4,0.03209884931400609,2.687503973448368,2.842170943040401e-14
769,388.8002160383247,0.5417481518352221,365.45802223368975,148.86737487787826,0.08287285815785521,0.11432759155593286,0.40305004694054947,0.0005131614047215722,0.7100389622318545,105,16,4,0.0250113967875953,2.3954593541369684,0.0
770,364.3472684016636,0.5046915222605552,387.8909572084118,123.74005749527917,0.08438655327164746,0.11969446193485961,0.4031525431072801,0.0005589201369134085,0.66042879705178,115,14,4,0.03699606445654395,2.2509107725690107,0.0
771,388.44361194181056,0.515847500964354,387.90650669534796,131.12441751648538,0.08345002800567938,0.12002036230958925,0.40325000075054596,0.0005585828949766996,0.7058265521182359,115,15,3,0.030908832464905157,2.557744233247561,0.0
772,390.23319813359205,0.5327106925393661,378.41473808544504,123.63249545318371,0.0824600933730338,0.12129423932597663,0.4030890017909582,0.0005309674120894879,0.7081965191890415,107,12,4,0.02546158483495462,2.3927642530342843,0.0
773,377.92172046916414,0.5319757169320198,387.81863392331496,129.30891440091148,0.0838325288205896,0.12164684275771111,0.4046880384672154,0.0005909947506908502,0.6872402834310265,111,16,3,0.029934428931207423,2.464255537480354,0.0
774,387.8475362788706,0.5123198669066604,386.57158308948897,147.95038317714832,0.08313606633806302,0.1275630013334849,0.39806640899418055,0.0005060820357258444,0.704278552942629,121,21,4,0.03281473746058871,3.4943767538661037,5.684341886080802e-14
775,393.62617768493305,0.550123256838546,400.857057325476,118.7255553765651,0.08327938759647188,0.11977474273137972,0.39617338201844043,0.0005391793298863589,0.7114084916217618,103,13,4,0.037971874464483094,2.862289595439117,-2.842170943040401e-14
776,392.82275030329737,0.5633269213214305,414.72715790467805,146.85991183718625,0.08516026110995677,0.11892879286630531,0.39796568842211383,0.0005245108226274246,0.7110785917781297,124,15,6,0.04470360598492809,3.8039335197210957,2.842170943040401e-14
777,409.40179436188646,0.5283398652731442,398.01866402600626,158.85263917574517,0.08116071849169808,0.12016379807224327,0.39722899249908167,0.0004022162627190306,0.750663676450379,105,17,4,0.030800371743771655,2.510082299486117,0.0
778,406.96146581986716,0.5819390384830114,404.9035429330744,157.2222415838578,0.083440318539548,0.11882226972855242,0.39085644322912105,0.0004943389367805942,0.7497205064159038,110,21,6,0.03725370621415094,4.170711472634192,0.0
779,401.89087327078835,0.5691454425403644,388.5579708866198,166.96156612043077,0.08403952520381265,0.11211823376327044,0.3912144903623389,0.0005471003454462911,0.7339264904724115,116,20,4,0.034007844654020514,2.2242716486690344,2.842170943040401e-14
780,392.20644276677774,0.543900757969593,407.08397927608496,150.21738055965378,0.08168096052685411,0.1184622713951943,0.3917341603962732,0.00042771506173102535,0.714245652090718,121,19,5,0.02621421243000568,2.5431677203198566,2.842170943040401e-14
781,401.96870012313786,0.5262635799501385,432.0601155958123,120.27696545198738,0.08273047395209576,0.11959655896754016,0.3924347961343572,0.0004582103444631569,0.7333611914846778,92,14,3,0.032291542814916925,2.4254499790193886,0.0
782,409.56657733717867,0.5330323621902815,379.2013937069489,142.44073639237354,0.08604845299633343,0.11562937583226343,0.3931472893067786,0.0005750942292930993,0.7458756964522918,116,14,2,0.0492664758106912,2.1958977621157687,0.0
783,391.2431511445365,0.549676651624331,358.81236724516805,126.53809647885517,0.0847208932686268,0.12385683998516042,0.3930477389272487,0.000506884438449162,0.7074492725940805,110,9,2,0.04835513179808068,2.6136921972573064,2.842170943040401e-14
784,375.4463511523271,0.5524235591169588,333.46778912756224,144.43227598871064,0.08654999320074146,0.12404396115794106,0.3931106820698579,0.000586522814396463,0.6779960352708829,121,19,6,0.05174912083742027,2.3731544381500145,-2.842170943040401e-14
785,354.3535402618982,0.5164287409843231,341.175999726305,136.52888203874693,0.08516169173125229,0.11465137801026842,0.3940255092965682,0.0005370418297080939,0.6388172291324852,112,15,5,0.04048136846411258,1.9291046456947096,-2.842170943040401e-14
786,348.8743700331032,0.527423260665359,340.0643438820231,103.76376512510774,0.08624464226635382,0.11554441889028923,0.39277680608443705,0.0005769693081012341,0.6287275628216525,113,11,3,0.04402042740252462,3.6145821490614614,0.0
787,346.33145520407516,0.5222460936912501,356.2786425009988,103.91783793917719,0.08685373178336553,0.11494355995170753,0.39303082433601433,0.0006475850484127917,0.6248073310914538,119,12,4,0.046301119150337855,1.9125622010032555,0.0
788,364.42848231675976,0.5351089269165206,348.10522694896537,126.83320083636042,0.08419506147473328,0.11915037867879653,0.3940764806743132,0.0005392014014777232,0.6608933199217509,119,13,4,0.039285721508725856,2.1694566821018766,0.0
789,360.1241820083834,0.5430638833878838,365.8945725796843,131.28904339757005,0.08389566411988628,0.11899081973439551,0.3954738444393129,0.0004843214280758911,0.6571481036764346,105,15,5,0.03877109722005082,2.421038817151874,0.0
790,364.3318693063959,0.5511503891618597,360.89074351776196,122.1813703762416,0.0832846295792479,0.12270310207040278,0.3909856086578286,0.0004618270242514671,0.6680534933649733,93,15,5,0.04141748528410842,3.5270193929379343,0.0
791,352.99377221332315,0.5010716156029607,353.11145714097995,127.05329455708247,0.08605313627097647,0.1194130963922508,0.38989023481126905,0.0006050130169253787,0.6382454914528501,118,15,6,0.04316307546031596,2.0694268891968233,2.842170943040401e-14
792,362.84048087158413,0.5273493918830804,360.0495105920669,125.23999655867692,0.08163022511464896,0.11854882720965705,0.39155352611051747,0.0004890055889419331,0.6579833520224599,115,14,4,0.030117018819209633,2.5440290959446794,0.0
793,367.00746007988926,0.5588696828404844,344.02493315994496,131.97249033712026,0.08144322332801557,0.12381430917994868,0.3922949266236655,0.00039547645519893575,0.6671653682686061,114,15,5,0.03408813103983975,2.5229482443066273,2.842170943040401e-14
794,347.76170294159556,0.5195277638287092,347.533910562693,138.61290291169408,0.08495342088970034,0.12191298094327778,0.3873734163224278,0.0005561495230335889,0.6300168560477123,122,20,6,0.04420355238060884,3.3823644290081116,0.0
795,355.96729447120174,0.5439694706368448,377.14707606422337,118.48031424216583,0.08706950144868027,0.11905124280547304,0.38761132787101044,0.0006051166305749032,0.6346110675774671,107,14,3,0.050420624328946034,2.3270191720209628,-2.842170943040401e-14
796,376.17750331555897,0.5548803496328827,371.85120131131737,124.2081856349551,0.08562539844272181,0.11675023387853364,0.3901476972057055,0.0005974007455308169,0.6832237760138302,122,12,6,0.04105156094992401,2.120190220226921,2.842170943040401e-14
797,376.2927912122716,0.5477802952641699,370.3919090653893,154.3173066835697,0.08431834236625559,0.12041647775886224,0.38916769624500525,0.0005337343272263538,0.6875011759551835,119,17,4,0.04126521967632354,2.276511029598184,0.0
798,377.00735499000336,0.532651526935069,366.8476419656955,145.79196576737155,0.08477314271240312,0.11635889409515113,0.39182839449463597,0.0005728912780007002,0.6893093934313709,125,16,5,0.04449679969514793,2.3074303764765927,0.0
799,375.739907252799,0.5231855910256642,380.9685971034737,133.4527836662652,0.08283197087152247,0.11840480576551932,0.38943628297134886,0.0005443569386265983,0.684386562244666,116,16,5,0.0310226088138476,2.285876342613338,2.842170943040401e-14
800,385.27367644127975,0.5293028874035164,393.1361263388918,128.610743095456,0.08310041708793552,0.11702930298640607,0.3903693778888058,0.0005283212905076863,0.7037234613395286,116,14,4,0.031870106400684016,2.9190987016415875,0.0
801,394.8573616959634,0.5631393179036601,403.4746100003266,133.7542401324307,0.08491962107774498,0.11793755094166707,0.39114770709043806,0.0006120444358996557,0.7243478700432169,105,14,4,0.03115649414648563,3.3921572550444288,0.0
802,399.46788449473536,0.5361754454687502,387.3090050014853,168.85908962388663,0.08298202234816193,0.12405904532034438,0.38837871762870957,0.0004974356818654244,0.7293916633459213,122,22,5,0.02312162948640644,2.7619931845110117,0.0
803,391.0743265332188,0.5275118744830298,400.0284993446015,144.06132383505843,0.08433468244627794,0.11815969972538225,0.3884615927951743,0.0006177376245875307,0.7071475074116831,114,16,6,0.02944651541098696,2.21951237567963,0.0
804,401.925159988191,0.54244280897009,402.3261623795063,130.97396245010822,0.08165038854077035,0.11897670156464511,0.39088462838433463,0.0004951984694666355,0.7308321463154582,122,16,3,0.02848836398834641,2.7311478940556877,0.0
805,403.7687234812586,0.5434409918989163,382.5597545662569,144.44100692212356,0.0839282386787117,0.12434975953762864,0.38714439239682313,0.000463870756029685,0.7378331296867696,103,19,5,0.02799106119773064,4.146171618670978,0.0
806,378.751384953149,0.5328147148557039,363.968129483727,111.47194712270746,0.08553204999924344,0.12057424184870075,0.3900270182006509,0.000617035314745291,0.6839470145255907,115,18,4,0.03942142806015367,2.2263899986494144,0.0
807,373.19158399743213,0.5298622015059489,398.582330554078,106.44390824818561,0.08474733025510209,0.1284648031010782,0.3884824937655123,0.0005663270696686201,0.6711793514335007,106,18,6,0.040508801780147846,2.7393507892290865,0.0
808,392.26829024470146,0.5374920175261559,414.9643640638664,116.82139544558282,0.0861464506800755,0.12207012953173288,0.3904031811044468,0.0006416359569158907,0.704232680780556,115,14,6,0.04356000690310226,2.2294700413083275,2.842170943040401e-14
809,414.8477352922765,0.5681580351951938,414.53009749611886,137.61277064142814,0.08416460542100193,0.1223690260691259,0.3917530079805309,0.0005315106146251318,0.7541904009024396,114,18,5,0.038805729368946135,2.608379126534325,0.0
810,411.57914652370334,0.5600853045260308,397.9169707185532,170.90839209587415,0.0840802817679535,0.12669217236981256,0.38824808591117715,0.0005209282773489096,0.7498477731688609,119,21,6,0.03509580897565185,3.1215651308862173,0.0
811,396.7127427835665,0.5392070580386317,409.7608474851592,116.23893805216323,0.08513889255761155,0.12193228742681606,0.3923120698549437,0.0005992453921331008,0.718175535136136,110,14,6,0.04774800591944199,2.7019169328530666,2.842170943040401e-14
812,405.4773924086566,0.5249549213370007,387.5150306815875,131.66729026022816,0.08537783065383525,0.12001110751983093,0.3936109494995146,0.0006318882320469513,0.7361413803075291,109,14,3,0.03767137219435971,2.4247451541331535,-2.842170943040401e-14
813,392.3058888448406,0.5371734528858565,398.4733441474664,159.29196655605332,0.08474605915497085,0.11888558410140748,0.3930582140532907,0.0005559383694586677,0.7189756869338504,114,19,4,0.04805441852316018,2.5523704249671484,2.842170943040401e-14
814,393.1380248667225,0.5257717822738073,397.5135160134126,125.76062306014038,0.08544730849081274,0.11660245907925827,0.3951952317524955,0.0005795140461212939,0.7248361328174989,113,14,5,0.04578825757738019,2.6693722418370096,-2.842170943040401e-14
815,404.8406653032281,0.5532770885848959,372.8906704501904,158.72182810982576,0.08506508970732646,0.12157673097759214,0.39479435141181946,0.0005845756816686707,0.7443382402639794,113,21,6,0.04015184096197352,2.7139978220627956,0.0
816,379.20405386246193,0.5275099046299625,371.0532766910885,148.44070077702452,0.0835781768874728,0.1172756830026512,0.3949562543425917,0.0005017601738925052,0.6966422977565021,114,15,5,0.03679618732395775,2.382703991460239,0.0
817,376.23478097781765,0.5366175577596913,363.14327796109774,133.07257444129883,0.08474370175913454,0.11840949813474677,0.39377652339111696,0.000539517890639006,0.6840343972211338,98,13,5,0.04085870597359554,2.523973721731211,0.0
818,365.54146328047926,0.5319039207215953,345.756886205256,134.34408322837788,0.08276729345530123,0.1151544947020838,0.3964722532620308,0.00047531160639196964,0.6618486819768686,118,13,5,0.03907701308410907,2.052138299143507,0.0
819,355.31293391970917,0.5381840353679268,354.35332356018154,148.11097855360697,0.08448237170081083,0.11668075412903363,0.39465005857660945,0.000589240666806726,0.6464150717150777,117,16,5,0.04997358183317929,2.6054415141951166,2.842170943040401e-14
820,361.2225117807259,0.5183560633343466,348.01823910975725,136.03392223794472,0.08563062430582798,0.1151347877098753,0.3935714018560609,0.0005849687430366061,0.6570183370142455,114,14,4,0.04348493245170192,2.9994139705841505,-5.684341886080802e-14
821,352.5674610974007,0.5080690681628481,340.3539498743706,123.96846184888696,0.08530166395834661,0.12154974595568242,0.39035563980378735,0.0006214597138957565,0.636574028998945,111,18,6,0.043267866050147305,4.789506949850158,2.842170943040401e-14
822,346.93395209994446,0.49525764488599416,355.80423609101365,111.88703492484939,0.0847361667956439,0.11629432118731436,0.39375495945107697,0.0005360432855853855,0.6216444668447421,127,10,4,0.0466622292498239,1.9321269723594605,5.684341886080802e-14
823,365.90487304624725,0.5480924802878426,363.26210969904076,109.33706997983188,0.08325772303697776,0.12008650339490884,0.3954617358076075,0.0005397919142952452,0.6664993810290286,109,11,6,0.029886102536158084,2.3336229961786517,-2.842170943040401e-14
824,362.45504645690437,0.5161978596052845,358.70306462311817,114.96802127871547,0.08341979125748215,0.1244347180910629,0.39056883212936483,0.0005474565305702054,0.6573699010540724,111,17,8,0.030972759993007273,3.554596842783719,0.0
825,362.6128562717191,0.5264798444276086,355.4399842155757,117.96069084302124,0.08382557155759877,0.11753358447509281,0.3898174542106975,0.0005645286295848169,0.6563320176834972,102,14,4,0.03284147022403063,2.5830518656888293,0.0
826,352.7738047052628,0.5128797805374303,352.0828460321325,117.6494243986927,0.08475853277185362,0.11921485705196903,0.3896426574461208,0.0005944392796725415,0.6388739858746855,118,13,3,0.044550489245014674,3.082325323851004,0.0
827,359.4110760275495,0.5310027302810635,376.35478195287385,116.35776379073926,0.08616429691239921,0.12191917237822811,0.3917384044898946,0.0006422549489630882,0.6551421584252685,105,13,3,0.051027162232105065,2.4918268620947774,0.0
828,370.8865490832998,0.522082672165318,353.4566643016739,125.11745437463983,0.08392277148264742,0.12320226029935571,0.39187470792117246,0.0005540422003544141,0.6751857025640808,108,16,4,0.03608283678887703,2.4453755373728794,-2.842170943040401e-14
829,357.4564458326621,0.5213934863213104,343.36873631499765,130.60720635278798,0.08659891715037746,0.12152161297064203,0.39267922671445915,0.000637042864475637,0.6478668530819566,122,14,6,0.056984242116156096,3.1669967586811754,0.0
830,349.6444975745535,0.5252746244311404,352.48833717297714,116.8898255371187,0.08681009326070883,0.11750399442749244,0.3918082794197003,0.0006721881273167907,0.6332879683455834,117,11,4,0.045219364973103214,2.1550424186204156,0.0
831,354.6747499851891,0.5022529543598306,363.0482624809018,141.90553309332347,0.08406636250203178,0.11630358358769359,0.391833246476705,0.0005291422515151309,0.6466171859073343,121,18,5,0.03514969174651756,5.1991425844127495,0.0
832,370.13465218434874,0.5040011658017314,385.1136599813444,143.72522757470142,0.0834661071743846,0.12289535473497716,0.390035549095041,0.0005355336690288548,0.6755879185959277,111,18,3,0.03829176701127303,2.469854908769352,-2.842170943040401e-14
833,382.53055587352844,0.5277216560963496,384.6563852535644,144.00137364405182,0.08411398570285263,0.11719740230580387,0.3915355376370093,0.0005564544101579585,0.7019543925312535,110,16,5,0.03462778357635138,3.100726576592845,2.842170943040401e-14
834,384.9195446638348,0.527596689258306,403.14943986769094,142.43070615646585,0.08458918584612016,0.11740720989169996,0.392519831145172,0.0005721590917760772,0.7038038181886089,109,17,3,0.03695326381885303,2.9714920033382195,0.0
835,394.1056000865226,0.5192219452459348,394.3564287745081,169.88296973765793,0.08608856780737825,0.117392201093309,0.3926742875317232,0.0005352930188210167,0.7193963961994143,127,19,4,0.05493981181774011,2.2685370458944925,0.0
836,394.89228879455743,0.519953921748836,408.33598351019424,147.3822390570489,0.08810405855387003,0.11345500056227206,0.3954979153922731,0.0007027089140037571,0.7245105847663271,119,13,4,0.04628486886839282,2.3369527718899152,-2.842170943040401e-14
837,398.29777729958266,0.5124428697503677,415.07477282400515,135.0107670641585,0.08340767490185996,0.12976782526574845,0.38527623105589565,0.0004950021593320783,0.7300585901387325,122,19,4,0.03279254564495392,130.65582449325154,0.0
838,412.4210759991321,0.5387779481691438,439.965519882226,123.66273144595377,0.08517980519406645,0.12097813108143,0.38722024954037615,0.0005551457373268666,0.747197985092327,111,12,4,0.03757579006058155,2.340634523529769,0.0
839,427.81775205510047,0.5527879671187483,439.6730137328728,158.27169062605293,0.08314650814877861,0.12360008139859364,0.38213560279034403,0.00044067460029848757,0.7809093907625879,107,18,4,0.038722753572720134,14.757319969856377,0.0
840,437.2561427791609,0.5683753850743629,420.26422652961935,149.2757207000475,0.08170978450319498,0.12257747920832453,0.38199353611199116,0.00046172168408270493,0.79952051169858,87,12,2,0.027737873244967265,2.676209324256999,0.0
841,415.9523891100509,0.5352895705389789,446.2782205763373,138.48786895891482,0.0850860476836729,0.11794001439724679,0.3834446699793896,0.0005829278741810912,0.7601616504861622,118,12,4,0.042475448638952015,2.535195424564858,-2.842170943040401e-14
842,430.7543957986651,0.5407615435576667,432.13517091809166,157.3779970086345,0.08460386904592458,0.12094164295267106,0.38603313756504903,0.0005418095015634135,0.7946854948723323,100,13,4,0.048328522401170804,3.355388342389977,0.0
843,429.27917154664266,0.5572547858584183,415.2894092284683,173.6463757734785,0.08578998008192791,0.12547312009295838,0.38412921606090483,0.0005564942544922864,0.7944609965295636,110,20,7,0.045870112182247284,3.0659640101740506,0.0
844,420.6731095411967,0.5482510892266874,445.4815041021101,151.21195165904135,0.08466612534448689,0.11350552157112685,0.3846772310573601,0.0005701007005711194,0.7750574310717994,97,11,4,0.039592800224594174,2.340512637818081,0.0
845,430.15873314135445,0.5608434272958343,463.0527925038791,167.16653204122366,0.0853050170644524,0.11934387634777853,0.3836526031602522,0.0006239594487705361,0.7911970153954863,113,15,6,0.03637750948297391,2.786694266242712,2.842170943040401e-14
846,444.6289507883495,0.5423675207133966,491.62852770073556,158.56079366221726,0.08485019266631212,0.117756255399006,0.38067166486746534,0.0005974645821620082,0.8225814266272262,94,13,4,0.04636967163729065,4.654561911625191,2.842170943040401e-14
847,454.26188354997544,0.5133592864029926,487.73931238797053,163.463547229401,0.08483766093881023,0.11767511753521853,0.37994808370504696,0.0005580925018045471,0.8431620946652068,105,13,4,0.03796776528959621,3.394064804296654,0.0
848,466.0721059028894,0.5357697013130277,405.1744529834625,182.77173943114002,0.08312944182165312,0.11823162752236488,0.38038583394664244,0.00048221063833116495,0.8656220243423929,104,14,6,0.03273044467541844,2.887596350117805,0.0
849,440.40780252328193,0.5424336510542431,454.71814273059704,179.7259712501574,0.08471205926981477,0.11893501538141378,0.37827044542226906,0.0005249135757496843,0.8121851758054376,112,14,5,0.042918353395894365,2.874486510268521,0.0
850,449.5124097969559,0.5350961537928132,442.98978222029456,160.57494388619227,0.0868454471051894,0.11602280842320879,0.38155779158010944,0.0006442287220420201,0.8278877724874134,115,13,6,0.049075285648461,2.3979447017805446,5.684341886080802e-14
851,440.8378208661486,0.5671313249012351,376.1345165166292,185.8142607909584,0.0852696168119995,0.11778267908886031,0.38235357893429484,0.0006136711916915419,0.8173130367033645,124,21,5,0.03205587513067855,2.7649674992866187,0.0
852,402.42532382249965,0.5328565451685503,433.03235716189613,150.85673961295282,0.08532546934110127,0.12096316422509375,0.3806816391806466,0.0005926352606498331,0.7387520667447302,102,17,3,0.038617767708834815,2.826654200852079,0.0
853,429.85931583924787,0.5562510255638119,458.6798339729087,163.17032143556062,0.08394793678829574,0.1145767158606611,0.38301277654600663,0.0005076892397945088,0.7966605088442607,103,15,6,0.03454484046283036,2.4493482195887237,0.0
854,441.2258591450319,0.5283477044991418,430.36871970282584,190.02366894285063,0.08416858348576454,0.1163117723342456,0.38251969213767106,0.0005121308094928578,0.8210181852657097,118,18,6,0.040616431872698304,2.831061933970054,0.0
855,435.24898526520053,0.5526383792054309,463.81113008998085,168.52469574840921,0.08155866394337129,0.11458786200009541,0.38279725184871416,0.00044504304795650904,0.8143904372185471,108,15,5,0.03299927904911513,4.807853128861623,0.0
856,448.3857347328245,0.5568993537796352,462.84761133746065,191.5007206451312,0.08162188401089092,0.12288792351817536,0.378239395023822,0.00045155547058030895,0.8370605545167698,112,22,6,0.03447518189120297,7.5868675381634345,-5.684341886080802e-14
857,454.4657923635017,0.5624137315991913,447.4315931316214,173.26247158577377,0.08149059385810332,0.11695487679197944,0.3807017731867926,0.00046944422891248517,0.8459845957307794,111,20,5,0.026231089457161023,3.203332431724597,0.0
858,434.09375415193244,0.5344354794511408,402.54299349206906,155.75273617947664,0.08146316412774719,0.12024951543747453,0.37791789024750705,0.0004307734854394506,0.8000359690426988,100,14,6,0.037197454500861246,4.8128761607482735,0.0
859,410.1563412440314,0.5238710866708385,374.27368935910647,155.5359074534915,0.08491582953138045,0.1161942567933473,0.3822790395072501,0.0005981580974530293,0.7550225663774367,116,16,4,0.04086199125882273,2.5234033425091082,2.842170943040401e-14
860,384.92342790810824,0.5314094242539289,405.4128394033918,129.0449758026168,0.08372858457180678,0.12130396113899036,0.38312026248563347,0.0004987223243511734,0.7062968022968672,98,13,3,0.03708685109294109,2.530345589866976,0.0
861,396.74974576908454,0.5233994369258617,379.14872710884964,150.51039978650968,0.08778457936018988,0.12253341695481339,0.3826788936102937,0.0006619330313316576,0.7247122096228823,114,17,6,0.045970194289889986,2.3315010245842362,2.842170943040401e-14
862,380.3356059910134,0.49205583431218286,395.78472351221933,123.0493741320616,0.08586444198916786,0.11986130598932997,0.3809169417570482,0.0005606157084035706,0.6978038644458774,101,11,5,0.0475120317247595,2.5567000121800176,0.0
863,387.26041131752567,0.529946669054873,407.1257086621613,135.49113516295947,0.08590219515296603,0.1157164958287256,0.3801067688314083,0.0006395539014120601,0.7102121085991001,104,11,4,0.04565743509649365,2.4001728157653033,0.0
864,392.8983145966996,0.517384774096548,373.21394926736195,139.08684804308513,0.08788692237116617,0.11703404138246157,0.38186307090137567,0.0007193052245771719,0.7182719095323926,109,11,4,0.05202204061568106,2.661867823560646,5.684341886080802e-14
865,379.8401934659689,0.4919423292989078,389.71461909201304,140.51030233439738,0.08764967598005387,0.11354009499874292,0.3806795446398466,0.00070793610349744,0.6967499484633115,118,17,5,0.04931377419108302,2.385204762000675,0.0
866,391.0280409951981,0.5275735138460784,378.02246275464097,158.10021867395787,0.08522500431291166,0.11411995643807832,0.3802928419986625,0.000586387802701698,0.7181181622573275,111,18,7,0.0389331804668379,2.2114110466174397,0.0
867,385.3352403014654,0.5129948377516789,389.28021926517135,136.1419852874368,0.08608381098244913,0.1090033338480772,0.38186976330977856,0.0006602716839473444,0.7078410804552234,108,13,5,0.04504118754640588,2.0861730429214096,0.0
868,394.7092572199143,0.5329104283450337,367.47428909613507,146.47358188896058,0.0833132840215648,0.11464896642152425,0.3835881779644483,0.0005009942517165212,0.7239436115763013,124,12,4,0.045980701977872615,3.1649499201441573,0.0
869,378.81089132043024,0.5432052009818706,361.95173066444465,161.1901336268292,0.08448361825633742,0.11412380516213098,0.3833182063076307,0.0005555383184070085,0.6987802877620432,118,17,5,0.037819108539254256,2.227653509600274,0.0
870,374.34982397341753,0.5669776179046047,354.5877674844578,168.48673101365833,0.08171385068854643,0.10972602929093135,0.3839348481231847,0.0004466886754059256,0.6886132284708972,126,18,7,0.028270680205901257,2.0793816789484763,0.0
871,374.73121398760713,0.5543397782189594,370.86637087333645,137.34318894717964,0.0813153781274008,0.11355806564687955,0.38382045023889805,0.0004728283055000637,0.6894985360502128,106,13,5,0.030509250117070372,2.464512024612981,-2.842170943040401e-14
872,373.5771242213665,0.5431733635967391,388.73674868984597,139.22971388314852,0.08126495179172799,0.11527832172992276,0.3857648571912367,0.00041951381330760854,0.6862376566788926,125,16,5,0.026925415139309586,2.266134173142388,-2.842170943040401e-14
873,391.46926967971456,0.549439857519239,396.4120899767963,103.56254438558814,0.08194894692797577,0.11782465356761611,0.3889882293764707,0.0004395713564708469,0.7204228929227904,101,10,4,0.033047881029506405,2.6023537504499052,0.0
874,387.855235595835,0.548375974350486,372.45887837253827,126.85935155196778,0.08273130659358374,0.12918969025699334,0.3914334477803941,0.000455158174363767,0.716045834163662,107,19,6,0.0319848777257473,3.2128073727703295,0.0
875,375.30582340084123,0.553935517217091,391.1984553682747,132.95780783901526,0.08320241312471668,0.13124559881844397,0.38886568023679524,0.0005228079130438763,0.6848278604383371,113,15,5,0.02661782838946877,3.2653151450876012,0.0
876,384.37851742882924,0.5480454035273963,390.7108077287122,135.67083700241952,0.08268105716589909,0.12158917337874559,0.39193819406828856,0.00047521806669585627,0.7049193464673775,113,17,5,0.036753288719876535,2.5367782173860522,2.842170943040401e-14
877,395.97727123108007,0.5403311944319178,419.08925476447143,150.49516235304472,0.08066880891664527,0.12353995967865086,0.3912302839103866,0.00039947183859628897,0.7231622050261453,115,18,6,0.02590784065870373,2.7098983444598423,2.842170943040401e-14
878,408.54022191301084,0.5500084128566334,373.6109060801251,156.96446424945,0.0832276855993555,0.11636923362292004,0.39136186551493823,0.0005257656919148824,0.7510472288373142,130,16,7,0.031018296953846686,2.733991509237731,0.0
879,387.24085619788,0.539037861993555,388.58615943242256,161.008586540075,0.08366589883832568,0.11870308981194026,0.38739953079451767,0.0004992827912762575,0.7109148324670188,101,17,6,0.031007873722832223,3.405637513530944,-2.842170943040401e-14
880,387.43676742430404,0.5481182517654262,403.2922298483785,113.93780372784857,0.08306235353887748,0.11462703227354785,0.3877855634004493,0.00047351915738519336,0.7055700828493521,98,10,4,0.034066133385383494,2.40382819694665,0.0
881,397.70976675464647,0.5520503099005167,411.05209323876693,136.47937170762575,0.08417425880038557,0.12195599440777903,0.38662238004929045,0.0005509817405155714,0.7274334681338301,95,15,4,0.030033468312784667,2.8252983974539365,2.842170943040401e-14
882,396.63403380859904,0.5225346126532402,397.5033742996985,162.3123414097784,0.08437377573520334,0.1201546294810865,0.38423391336555823,0.0005329114782347158,0.7252278926804495,131,15,5,0.031990201545231925,2.594888290176334,2.842170943040401e-14
883,401.9838938146951,0.5446147245672095,403.0358878685984,157.24491294494786,0.08280657473831197,0.11711505661583249,0.38610040496284415,0.0004951278962639775,0.7346470200002371,119,13,5,0.033873508389923486,2.3899751580555644,0.0
884,410.3588467332879,0.5521204346781289,386.58521960651854,153.05668462872,0.08376442043617374,0.11643012749797459,0.3862566704755015,0.0004942330533523272,0.7555248445272454,126,13,4,0.04178986089663341,2.4656361660414787,0.0
885,400.99756154005576,0.5643925450384537,415.1752401920437,148.63029110341535,0.08170904174632082,0.12040276104683273,0.3859795748641002,0.00041681867868956034,0.7356742986836832,109,15,4,0.03283399850235472,2.703411636718366,0.0
886,408.0857506839963,0.5494393437678371,413.124664923186,154.50933340142961,0.08227426248743709,0.12106328525964168,0.3848205599839115,0.0004413352374314522,0.7467388919362422,88,14,3,0.036605129990497406,2.3349417759424176,0.0
887,397.9141932956973,0.5233083938886514,423.62488878810996,150.02253680144557,0.084501775826925,0.1188815101040282,0.38321763625031646,0.0005834841069749001,0.7290970976398141,120,20,5,0.04289988828152711,2.6916153195209938,0.0
888,417.7959898366505,0.5323728490135142,402.3130886056831,154.65880728492863,0.08383227397814351,0.12284845652663672,0.3856853311384299,0.0005085596638817389,0.7615853179844322,134,17,4,0.036539397795940835,3.3853230411616497,0.0
889,418.89193160622693,0.535593615221118,395.38794393458727,151.31514100642576,0.08492203599016826,0.12485168142422808,0.38599667011350197,0.0005628447836174917,0.7696027696310767,111,18,6,0.034827773705991064,4.991761175429512,-2.842170943040401e-14
890,402.7421743191141,0.5854575363356064,375.1820620880276,134.00741939011522,0.08668996400300202,0.12843685407811853,0.3825799542534539,0.0006353303759632985,0.7364794146529191,114,15,5,0.05958827684454399,2.8171908702523774,-2.842170943040401e-14
891,381.82419040953414,0.5620385057142303,359.56808141646934,130.92253580580063,0.08525732956297004,0.11979764548994172,0.38446961254547635,0.000618724490803869,0.6970968300966603,114,16,4,0.05219867387982245,2.4964968999952943,0.0
892,370.12822939815186,0.5584374100710943,352.9828993532242,135.93073355935567,0.0832451847232506,0.12391181692706182,0.3844297137933706,0.0005310840870121487,0.6720542463903574,113,18,6,0.0344045769240948,2.3676820225386956,2.842170943040401e-14
893,362.6125788311683,0.554266309916294,358.81061943867496,144.50052840219502,0.08255788309777495,0.11532129694782525,0.39151607414701495,0.0004803403930646457,0.6552687558898458,124,16,6,0.03268014745977334,1.9647228043553986,0.0
894,368.14749255133387,0.5322729197067733,353.64106500798704,123.0056513604712,0.07996538089943803,0.12112221537613638,0.38985421658267194,0.00033743193269377016,0.671063613509517,106,14,6,0.03172427959422994,2.9891074024662903,2.842170943040401e-14
895,353.67301201467205,0.5376391787886639,381.29030615674947,117.36753947335374,0.08139794534019927,0.11447749585477696,0.39261814817873486,0.0004139747449446345,0.6449757664750659,98,12,5,0.04277340619720576,2.547079384619757,0.0
896,377.52262719947436,0.5724214752418806,400.3637496890474,135.203296557383,0.08380510097424522,0.12009393642139035,0.39067291331943965,0.0005471890622038595,0.6906110805861533,105,14,5,0.04090542496651018,2.504011150379569,-2.842170943040401e-14
897,395.4127679501057,0.5533417063433528,391.95349207767157,159.22543718604095,0.08343106389853826,0.11563949799729949,0.3889193504737647,0.0005222258736897219,0.7269139333867775,119,15,5,0.03699940197650768,5.942919897204763,-2.842170943040401e-14
898,395.4326817376679,0.5460106881411696,423.21764623834235,130.1616897717024,0.08215915026414118,0.11860611583629681,0.390029790813125,0.00043201283820428014,0.7236878325688363,110,15,5,0.041128195020552254,2.4027212237821263,-2.842170943040401e-14
899,414.25006623119447,0.5567419347450713,422.27561499105025,149.5912551385299,0.0826658485485265,0.12208264829108408,0.38871141457982294,0.0004650657033142333,0.7623093691940462,117,16,5,0.043138703274882007,2.8100069260345912,-2.842170943040401e-14
900,417.72158409854586,0.5671084539974465,384.32434547096096,145.3364746322572,0.08410357481296768,0.11941345377027626,0.38770847313084095,0.0005163723998810434,0.7671110229210625,104,15,6,0.04915926623412639,2.5488237736867783,0.0
901,387.3356031354452,0.5485078080738747,410.11460320016795,134.5172863635978,0.08746250734924368,0.12188130074448018,0.3819541091945814,0.0006656630091425442,0.706324347776062,103,17,3,0.0575787777405873,3.9527624033373203,2.842170943040401e-14
902,403.23323336767317,0.534349524062918,432.7236954244,151.9950485438873,0.08348239535310102,0.11460249624295979,0.38553648718368444,0.0004946189889692466,0.7328432386261827,115,15,5,0.04250624960191579,2.0931393840955352,-2.842170943040401e-14
903,429.9039099893447,0.566505784629532,423.16943578419693,142.13414965835685,0.08348590681517731,0.12334048149499206,0.38660989693519887,0.0005134318494756789,0.7859200594799666,134,13,7,0.036703607106197376,2.8282313258965255,0.0
904,423.6650080567817,0.5703676025289559,437.2874977782613,157.38078458425338,0.08243325023711251,0.12783502890011397,0.3837496814157221,0.00047020798301412636,0.7784744302720588,106,18,4,0.03897350372769593,3.2066933478987267,2.842170943040401e-14
905,425.0268628352355,0.5372946297067953,448.5136089883647,143.1166038704892,0.08287441729313944,0.11744477472266211,0.38469269019012536,0.0005102488042735765,0.7827575258063112,104,16,5,0.040285382971747885,2.5767535209336705,2.842170943040401e-14
906,435.25103269003137,0.5512560253876512,463.8681516928618,160.80673417938377,0.08345843650190793,0.11352595582725265,0.3857646005393013,0.0005694890516757409,0.8112559447056908,108,18,4,0.03428845414416815,2.884898549545066,2.842170943040401e-14
907,456.9944974355377,0.5969031958362948,459.6826997995512,194.2765547830401,0.08245980042659665,0.11893790604494123,0.38377943350588545,0.00046654660260739755,0.8492179322453921,114,22,5,0.04222775027810527,2.8822729068191464,0.0
908,457.1235463456746,0.5792687243522334,448.0232893509823,173.0646660039079,0.08220238322155807,0.11642112440204733,0.384216136211675,0.0004573967325635575,0.8449407434450734,110,12,4,0.03825764208594608,3.284022360980734,2.842170943040401e-14
909,439.3536467378826,0.5429487843652179,393.26051194999854,170.7344733994105,0.0842344822659225,0.11976774120288175,0.3828728426197714,0.0005220051946310435,0.8127831856974574,104,19,5,0.04188364160780432,2.78529079577002,0.0
910,399.51961937366787,0.5390869974165549,388.6846950212537,164.35877018684914,0.08575637409283056,0.12188277298584765,0.38370381746008114,0.0005892930417667537,0.7257437483320683,112,17,5,0.043848665151774734,2.397099744198378,2.842170943040401e-14
911,385.6862382786404,0.5242120617411885,386.8671216320058,152.78104292364293,0.08439184808182117,0.11611742417102947,0.3832519729717676,0.0005943155139483369,0.7025989057943546,107,18,5,0.03950548191824094,2.2300350632707095,0.0
912,390.1861226105044,0.5299180150666927,370.2914470811037,110.88978524470116,0.08521210942287638,0.11956406914049157,0.38802051930887244,0.0005748954287018754,0.7051656686417617,112,11,3,0.04138267926030775,2.785985620832669,0.0
913,377.8412175527423,0.5337860368557394,359.7152540670562,124.35588339324315,0.0840196930716568,0.12687979656299297,0.38760015301760686,0.0005551394965232232,0.6868499769115534,115,18,4,0.03460046122785233,3.420125678401655,0.0
914,367.2782130149608,0.5354118056839869,351.41728582694816,143.4224867292027,0.08528996080870732,0.11545780822805006,0.3879022680951564,0.0006165876362908198,0.6737356856441407,118,17,5,0.03941923981573331,2.5063377643054183,-5.684341886080802e-14
915,358.6023552497236,0.5156077418628795,369.7424137616846,110.04563423585857,0.08531093790576916,0.1252157255512028,0.384969798853022,0.0006308040903799408,0.6552662084130738,107,15,4,0.03857633969597868,2.9260864285592363,-2.842170943040401e-14
916,368.799155291485,0.5353566430574848,364.3748389938173,123.1531290992323,0.08451395372739208,0.12176815739534641,0.3837818805483063,0.0005410813438340085,0.6738299216554395,106,11,5,0.034639535920723226,2.5559859621960515,0.0
917,365.2678520454295,0.5299818638409639,344.9769783977069,137.2172534509842,0.08349015147758083,0.11546605516080692,0.38641106924745544,0.0005077664966303478,0.66531818422025,102,14,6,0.04085551957119946,2.152564957432246,0.0
918,348.56518267950025,0.5304800238721026,325.2163253221161,148.67883344540172,0.08656307652353519,0.11519295571653342,0.3849032985477713,0.0006455606412615112,0.6344526709049212,135,22,6,0.05016372055606477,2.206672480266506,0.0
919,341.89681186237647,0.5126903190641063,338.07643710090366,118.19732517314003,0.08423528551807792,0.10767824118674288,0.3866726506361995,0.0005468971299557293,0.619852282183366,123,12,5,0.039260710581733846,2.0319617100557266,-2.842170943040401e-14
920,351.3328875497558,0.5384520489204325,365.1170507554915,111.41390358559663,0.08276032134836103,0.12312144820843832,0.38642830619502666,0.00046774065624133874,0.6371109667232454,97,14,7,0.029282542436564345,2.542298311914856,0.0
921,357.9408933625773,0.5148737917825981,352.8988075040393,130.46082672776836,0.083554029139215,0.12141227987781045,0.38870656565362033,0.0005996644980769674,0.6516873633169847,120,16,4,0.028650650615439345,2.397627896367753,0.0
922,364.9125854524855,0.5408690160297986,382.51821693395664,124.61556337769856,0.08368606679259102,0.12369389905666656,0.3882259155268567,0.000493939551279305,0.6648065442367972,101,14,5,0.03842572996391512,2.4236887812249095,0.0
923,373.4282717434694,0.5281158884028996,375.1752793220471,152.29891770257785,0.08543085565148371,0.114801698366236,0.3890541928864414,0.0005689172772467783,0.684075599725177,124,17,6,0.03862890995223065,2.187851810207979,2.842170943040401e-14
924,386.8074099441767,0.546269647822611,385.1382274112928,148.61801264746097,0.08307570267874574,0.11404615312921022,0.3914778908944063,0.00046723045631642536,0.7101065721784298,126,17,4,0.0389147090061078,2.339921958021821,0.0
925,396.1378218407691,0.5523349317371935,421.2474601772275,132.92198777911187,0.08058809620773422,0.11880254182091932,0.39355549659756967,0.0003844563596072501,0.7278252777452232,93,13,7,0.025612580127461426,2.5522284416401755,0.0
926,407.7758786104175,0.551917735362903,400.2727350333422,161.92393716930025,0.08274180224525467,0.11200241191947413,0.39470683066565404,0.0005546506370889475,0.7587990862175225,106,19,7,0.031939096674151526,2.4326117810872256,2.842170943040401e-14
927,402.67338060335464,0.5885092637446525,389.5226063200256,150.36260349939462,0.0811531342717164,0.12000311486225873,0.3914579113554504,0.00047962739748674897,0.7443587369297812,109,15,5,0.021677863544506053,3.258005045837392,0.0
928,384.8734519474296,0.5196743313748662,405.0483729489725,148.81339950827152,0.08394850431503985,0.11718035844530188,0.388177311505183,0.0005621760636149362,0.706266051559413,132,19,6,0.03319164601345364,2.823087195813009,0.0
929,411.26306243989984,0.564072821454219,416.92247099025826,143.26875016280823,0.08103963091178752,0.11907145328526925,0.38407345251936453,0.0004518698105843298,0.7498918072179608,112,15,7,0.0223676917960843,3.478994982240136,-2.842170943040401e-14
930,418.50749314352186,0.5741516667239606,459.63742228673925,118.24591406382862,0.08220836872374228,0.12211579616710247,0.3855972140560824,0.0004676703167299743,0.7592300012171425,90,10,3,0.029127929528675076,2.3734426434645948,0.0
931,437.99553909125825,0.5554402985528191,452.82185231030167,130.99929264938945,0.08112582431063568,0.12160334825271875,0.3878788705707444,0.0004325284035257809,0.8039362256624378,102,15,7,0.030113375166967514,2.7271803519450004,0.0
932,438.72039341907293,0.5456407897630636,455.91858702158333,147.84400768588782,0.0826213834823847,0.11938347589706644,0.38945635167552417,0.00045820324519340385,0.802650523209106,107,16,5,0.03427474157415146,2.5192398066916373,0.0
933,449.2257138594793,0.5779955467372357,454.6383958805824,151.468979807684,0.08264912756980317,0.11906791929369075,0.3925610962441129,0.0004893225862563844,0.8250691089360167,100,16,6,0.027103107827761052,2.527394014904962,0.0
934,442.61266329668115,0.5645894624217669,441.611367366399,160.9301068068354,0.08300306017330429,0.12284196819340704,0.39289857926744876,0.0005242611347985153,0.8112125690754626,99,17,4,0.024940384349874892,2.886738788672243,0.0
935,430.2702786972874,0.5595245157573037,408.967953938579,181.8931230091573,0.08342802119182718,0.11797738891041024,0.39244180767667114,0.0005585765534965483,0.7889334582170274,118,18,7,0.03004093855138609,2.473716580072355,0.0
936,416.6983050589047,0.5445463251942904,431.8453107719229,153.98312325055417,0.08077587458320082,0.11751229885012078,0.39304880054762537,0.00042465125619167655,0.7596168422977063,106,18,8,0.022928755468310767,3.2176411564614793,0.0
937,430.3349384191867,0.5665115953347537,422.1351763376496,151.79983053676665,0.08152668126689659,0.11914772894264727,0.39491422622687,0.0004541076904652104,0.7889864050860812,120,15,5,0.030322047759523955,2.7812810624250197,0.0
938,427.8397891093996,0.5749670479142189,444.3906238119189,138.0389131139465,0.08152668963380942,0.12124757257178354,0.3960319839412823,0.0004364572163249433,0.7873657208246982,107,15,4,0.021348519253383613,2.767171022566099,0.0
939,434.9776596472086,0.5824303193781886,449.4116546801806,149.46788714587518,0.08281309347700931,0.11950805443660821,0.39780367999141614,0.0004477461655260661,0.80749901659879,109,12,4,0.03365656421650193,2.8425598778548062,-2.842170943040401e-14
940,436.6829403493585,0.5550780965375883,456.24652106983933,179.0454669265246,0.08255906577820475,0.11947620526530907,0.3958149511604549,0.0004611100674761105,0.8136669434444895,116,22,5,0.035214132946483116,3.114206492470645,-2.842170943040401e-14
941,448.45059903873545,0.5572892187844383,453.90562477219,176.1977470634409,0.08203117861345388,0.11588102691925245,0.39858586654654904,0.00036770732435530005,0.831992901518868,103,13,6,0.04134495398118113,2.7747014687725264,2.842170943040401e-14
942,447.11202418423625,0.5889392505418657,448.7927532183895,193.3589241098865,0.0853625298169965,0.11880161778531725,0.396169620534548,0.0006169048383415276,0.8325816470047517,116,20,6,0.039306818678849324,3.5392321500309367,0.0
943,442.9547904633657,0.5500367615739992,453.47050968045056,173.43050814419675,0.08388579531699844,0.11105272977581808,0.3959770162030311,0.0005111797232940097,0.8189236296311249,96,14,6,0.04121513471940338,2.579241129810369,5.684341886080802e-14
944,434.0590003454649,0.5256250711870227,482.9094647223167,162.8389584919554,0.08572917350239039,0.11320214057531146,0.39431286247452685,0.0006153400873949132,0.8020505036119134,111,17,5,0.04694023417059636,2.643081243641299,0.0
945,461.53869950155286,0.5631610633194027,476.77826317976644,176.88946524085432,0.08359089493811808,0.11326331624716475,0.3957328425998421,0.0005170845979992858,0.8587738566219666,105,19,6,0.04486918690071869,2.750851091172821,0.0
946,463.2241348157097,0.5449090653163535,493.48553368910416,188.32396862714512,0.08393848487564816,0.11676417626613042,0.3949028210172255,0.0005469309173083836,0.8620733791380107,108,20,5,0.046879695125950874,2.948247178810191,2.842170943040401e-14
947,479.6190084395404,0.5638998519058696,482.741535825585,175.8595985670442,0.08368006318318479,0.11919975519928794,0.3931864044773194,0.0005069467451843539,0.8938549366741633,99,16,7,0.04079695064334217,3.500417584691138,0.0
948,472.9653580984988,0.5576810890184772,489.1990150700857,192.6428986281434,0.0852419154889439,0.12018310666000542,0.3936934298554256,0.0005606104649089865,0.8779791149485383,128,20,6,0.04564785877162382,2.7224204516356387,2.842170943040401e-14
949,482.62282591744145,0.5760310883226183,463.15951379426326,193.8351883080334,0.08292732346447684,0.11737185151247793,0.39689247959200996,0.0004955379902901098,0.897993914412161,113,18,5,0.04053687358375634,3.009167439829036,5.684341886080802e-14
950,460.8385299096092,0.5563773109363619,438.2672734273175,196.14063980889415,0.08523566210933836,0.12109517214855828,0.394561744560442,0.0006233459585731593,0.856327705326915,104,19,7,0.04282142923368689,3.082996457117899,0.0
951,438.6065427055381,0.5236155467306645,447.1755728298082,174.32745901528082,0.08431095343739652,0.11606114817703475,0.396079553683301,0.0005931523042291496,0.8064632805356897,125,18,8,0.03487008819822439,2.470249886005491,0.0
952,451.5219734428455,0.5649272883484471,454.1842818393482,179.6963582375531,0.08264623897915795,0.11708384851020705,0.39531584343228404,0.0004991334794357098,0.8363429743514834,114,16,9,0.027615574814940137,2.6179696685709524,-2.842170943040401e-14
953,446.53273332926796,0.5291685812984652,424.91620113077414,170.57551819875897,0.08170755439423706,0.11649024831793649,0.3937156504992467,0.0004308227218368951,0.8284868859904484,101,17,7,0.029238197628906438,2.895220436235639,2.842170943040401e-14
954,421.78421337647876,0.5218630484828192,407.5253209235799,154.06450490610524,0.08179147213392826,0.1141267270497281,0.3932228002914095,0.0004561095000630687,0.7788001714285561,106,17,8,0.022237560418647582,3.0025443456257146,2.842170943040401e-14
955,405.0503872567957,0.5067308577045535,399.01958438910435,165.81815086508823,0.08381454240445399,0.1150336128285147,0.3935244665407577,0.0005735017097952876,0.7433925162567369,116,18,6,0.03171485652879398,2.4340397848990682,2.842170943040401e-14
956,399.37660908400227,0.5092087796840005,354.6353185647317,159.98204923370906,0.0857692208429077,0.11428178855338944,0.39379327303122036,0.000668281581829932,0.7338354469256987,130,13,4,0.038119362090067666,2.4338786588554,0.0
957,377.7387663482667,0.5144105348936208,366.18322157370983,152.35094562251453,0.08326909877745738,0.11563813622497239,0.3936450214569501,0.0005306610539547453,0.691465167500321,111,13,6,0.03365712339698431,2.440002903167583,0.0
958,379.4433220704352,0.5239243109386691,400.59993433268517,126.88822817956586,0.08277091023291888,0.11378723970578786,0.39352417344262997,0.0004381583097541661,0.6965036031471785,104,17,5,0.0365514925971413,2.461288300960194,-2.842170943040401e-14
959,396.2579891078185,0.5405923188504229,392.34822078728894,157.63569448524436,0.08282034923008731,0.1164138618019145,0.39294358950990055,0.000499358881631125,0.7317086176046567,126,22,5,0.03732534807340332,2.7108921599915665,-2.842170943040401e-14
960,399.1043621379432,0.5514515267218503,378.54663850387726,157.72830017216043,0.08351347860467018,0.1145387346578234,0.3921329964034411,0.0005377409551446349,0.7300858996825295,121,16,4,0.034096357302477814,3.034789990496635,2.842170943040401e-14
961,384.2772127334089,0.5307640704856615,374.1820186330144,136.4290935881739,0.08287081501740803,0.11543281859074106,0.39205498101346314,0.0004996529051244415,0.7045248520410686,105,16,3,0.03049462426761889,5.050131129046029,0.0
962,377.47648575347125,0.5356959157318415,370.14494540273046,123.18314246621932,0.08278101613055543,0.11625109003648049,0.39265627545936327,0.000461087539456401,0.6933157720920304,114,13,7,0.03021606716467314,2.865274454646145,-2.842170943040401e-14
963,375.79765946297186,0.5319186907007541,354.41394898232005,139.81979895992725,0.08165413475611964,0.1218868959313487,0.39449638404214227,0.0004440362023810237,0.694190728980672,112,19,6,0.02684632195374157,2.902754586244825,0.0
964,355.6258012933679,0.527615974029209,350.85709274042136,140.67886654768378,0.08420007472043461,0.12212543272490535,0.393173102511877,0.0005874714533392638,0.6519107403956542,116,23,7,0.03485806771437454,2.7067735229120453,0.0
965,359.8937946898378,0.526567137394059,369.9529808357937,118.56383365897808,0.08280813122786841,0.12167237008665631,0.39184066590610406,0.0004770641710147806,0.6540670855428421,109,13,4,0.0300921905337101,2.580789605816337,0.0
966,369.86751004392534,0.544928185354975,370.7475974572425,132.194331730415,0.085415129736337,0.12054601666829172,0.390407726117278,0.0005709354073223147,0.6703170751672115,107,10,4,0.04271428284875061,2.463495839814901,0.0
967,372.05500641854354,0.5514916820291746,386.6796692313297,127.76987674037092,0.08440162005853515,0.1135163994568722,0.3917762342010872,0.0005623674261247442,0.6777427048920215,106,10,5,0.0403396663486826,2.1094216946145163,0.0
968,381.6030640946427,0.5479199346894574,385.70466210543634,116.26228983831996,0.08427070270988729,0.11860072186366663,0.3952094094172003,0.0005371621737969957,0.6989830893466894,110,12,3,0.03497055675817777,2.5264001923037096,0.0
969,379.0229455126921,0.5274605138388767,409.7101489976016,119.95479251806569,0.08501783976742679,0.12261651547010337,0.39676729815707323,0.000564749918146461,0.6958892784323015,108,13,5,0.03635054468258197,2.620444584557462,-2.842170943040401e-14
970,400.61334506369565,0.5426944757997492,393.4605180603394,146.71989381981592,0.08550133915684002,0.12508217859765824,0.396678113305405,0.0005937897050947393,0.7405838088298815,122,14,4,0.03423410184181995,3.862394433801024,0.0
971,402.10191249432796,0.5440328457476307,397.68525675793023,163.48615911134428,0.08286711422865994,0.12501662739621608,0.3963801778914672,0.00045547532590295756,0.7424918109119832,117,21,6,0.023795433193261634,2.810646442173932,0.0
972,398.24356411749733,0.530446858711517,378.0056101770173,155.45111196479024,0.08065100281503504,0.12097268740584266,0.3966177718070193,0.00040674610588596616,0.727443795935131,118,20,8,0.019818861490554555,2.9737726627838517,0.0
973,390.24037805995215,0.5346261516358524,357.24651321963256,145.3783496009899,0.08406741375968697,0.11973168457004195,0.394004900958436,0.0005727598803937798,0.7089995043583399,113,16,5,0.04058609374493133,2.8996041217453965,0.0
974,366.5663244898351,0.5267489782184426,387.0278882978207,83.13996214501147,0.08508060646040304,0.1169216595083902,0.39353369879933814,0.0005795355563521534,0.6596997022376428,81,5,4,0.03940655963997975,2.854294522278415,0.0
975,373.98535558420144,0.5305484464029404,361.849718085856,129.87076987224816,0.08605387206152068,0.11802411889659785,0.3931387283140381,0.0006601982772719481,0.6760284586236625,105,13,4,0.04034154171916776,2.6426916208758513,0.0
976,363.5268811264285,0.5196034608125053,322.06710255033573,129.72198940199632,0.08704905251690809,0.12168875420346609,0.3891398337458313,0.0006321149007190619,0.6575904371250895,129,20,6,0.051593180370287484,3.002847008687156,0.0
977,338.8516638617218,0.5078545240774226,321.07873336596305,98.43427188631739,0.08695645003518913,0.1195380154675051,0.38966119394315707,0.0007269350808067873,0.6061098971867479,114,11,7,0.04638328646099542,2.2800930662743584,0.0
978,329.5949113317065,0.524872636795507,339.70095521977436,90.71191223723002,0.08671603503853592,0.1197970503046783,0.38884858688200247,0.0006776062595036153,0.5900981785265913,113,12,4,0.04863427916686971,2.4007093711939045,0.0
979,345.2918199103751,0.5320608117828447,356.17099851504815,106.28864951213382,0.08566619449257488,0.12342174550028442,0.3851598116895744,0.0005919433363903219,0.6197474836374638,120,15,5,0.042855394246929746,6.348079675073337,0.0
980,358.55703604781485,0.5279303598370977,343.1877647413005,117.28616743795877,0.08408985726237495,0.11843122487008198,0.3845483046645641,0.000555545913433623,0.6479317140837326,103,13,4,0.03445603220358438,2.21444956319339,2.842170943040401e-14
981,350.1340944841595,0.5223551806851159,363.9856360109828,124.66847245902073,0.0839794165370207,0.11658774656188182,0.3870018148399466,0.0005189379848552642,0.6302590492201946,110,15,6,0.037050797240019556,1.9749587952543468,0.0
982,365.49007088275664,0.5199752048626828,374.3488273819735,122.63553279750717,0.08220614965481257,0.12029091073754242,0.38595496544819535,0.0004947806008041017,0.6616550049782872,105,15,3,0.02990815979067633,2.340848086144814,-2.842170943040401e-14
983,373.164895903613,0.5515248004643245,358.8405982920356,131.74447660332473,0.08404412355096486,0.11956228610088357,0.38808405307549515,0.0005539668978194561,0.6800593448158888,108,18,6,0.03622223734162426,2.4789127168015628,-2.842170943040401e-14
984,362.6070418215564,0.5377396994021872,369.95062098661083,148.6097152188971,0.08547876306738512,0.11813734864884573,0.38668470705151664,0.000647858065420968,0.6579645723198989,113,20,7,0.03769278721677639,2.1685839334677275,0.0
985,371.70520651407224,0.5283487011452103,379.35496382072085,138.33553735845746,0.08421051422830331,0.11600214433623998,0.3872524290459175,0.0005740509842700854,0.6734850875310335,111,15,4,0.03697056326074856,2.142635876809913,0.0
986,378.9604396293396,0.5194223939213665,383.54389686258395,128.93869763769328,0.0846923682716123,0.11470952301468523,0.3879687142328266,0.0005336985152114911,0.6871874172175828,119,15,5,0.05056718271956929,2.2052456338995676,2.842170943040401e-14
987,384.1163347880715,0.5320040908378454,364.9742519554683,132.9479832509773,0.08503251750339996,0.11700642262998637,0.39339529350857927,0.0005768676871229357,0.6999831785078674,121,12,5,0.04156697928492241,2.3492224456766904,0.0
988,374.91597882161534,0.5199902146272435,416.92405838804933,130.67456993971822,0.0842849487522402,0.12209353371655039,0.39295263388691276,0.0005126176245782601,0.6849179286569074,106,13,6,0.05436587308579561,3.193385640392172,-2.842170943040401e-14
989,407.1929962526323,0.5289673648939307,409.560639957681,155.39960837843392,0.08469539454857146,0.12028433951207423,0.3915554931982297,0.0004975618449910654,0.7484725112339327,119,17,4,0.041581816162407935,3.0477917559144525,2.842170943040401e-14
990,399.7287613791924,0.503160268102939,403.96328029814504,133.3059201730312,0.08890957980167374,0.11635251281113777,0.39343622051028476,0.0007411708556216588,0.7334356757898606,118,12,6,0.05180220014172904,2.6398358026786326,0.0
991,402.46497790031646,0.5253637359680596,397.6594610616836,147.30438727826117,0.08586620213326884,0.12049559575367015,0.3917540893057932,0.000566966999103495,0.7452745824048209,125,17,5,0.044116358617825396,3.690892374435945,0.0
992,409.1114991583731,0.5404014516625575,434.2685892932383,148.34938449253212,0.08352473608980832,0.11852879399776026,0.3912097577000343,0.0005174659254694647,0.7535303039323519,93,15,4,0.034444183881780374,2.4968092198060603,2.842170943040401e-14
993,422.00811281106326,0.5734256835696401,418.6296574755959,156.3761519373119,0.08530811213467789,0.11628443305660256,0.39155923779967405,0.0005598441140895629,0.7841907712433818,102,13,4,0.04503968156279789,3.845970927789368,0.0
994,414.5077228072953,0.5562284019419472,423.15167210819027,163.27981577543656,0.08366383331750907,0.1193925803967767,0.3898890219006802,0.0005167487799619834,0.7672881970364183,98,19,4,0.038189379053213,3.147239951186845,0.0
995,412.34087275971757,0.5423173971358559,388.1097909438224,148.1493962170511,0.08439350251908488,0.11732079153381329,0.3920851815919279,0.000545162324633308,0.7614810991737608,106,14,4,0.037331549340454656,2.7334127356750764,0.0
996,388.64935098852004,0.5106321386677976,387.40511108162866,146.88663592855204,0.08596972712960911,0.11931693038530906,0.39051438641707104,0.0005656441313936673,0.7136926721463523,123,17,5,0.04949445856107367,2.854156477815729,0.0
997,390.44797970332604,0.5186628772005186,367.0139697573934,134.1962160694664,0.08460211610073895,0.12034592819863127,0.39250300599026683,0.0005760891676986448,0.7129684008767345,106,13,5,0.037161450711121306,2.3844901917136023,-2.842170943040401e-14
998,377.23120827006494,0.54738919243956,371.32778633434174,140.23354119956895,0.08489168404000225,0.1259359476559,0.3908388968283634,0.0005988744977543668,0.6881344111413271,123,23,6,0.042839829690387576,2.73638786009477,0.0
999,376.54047510996264,0.5108627893984995,397.7427785464673,139.86487206152282,0.08419164075772252,0.12056337908301032,0.39086634321770414,0.0005309186830808924,0.6844521323842621,121,21,8,0.03362367383239848,2.297990915405562,0.0
1000,399.4359889630888,0.5310967439204008,401.89561506185487,120.69702345415502,0.08426097861520833,0.12128678267903038,0.39128033121516903,0.0005278153891021881,0.7246152772764185,105,13,6,0.04278829291598007,2.4449659027993027,0.0
